accession	dataset	original_accessions	precursor_mz	precursor_type	pubchem_id	molecular_formula	retention_time
PR79216224	PR_000	PR309129	175.0599	[M-H]-	77	C7H12O5	3.25
PR41333561	PR_000	PR305446,PR305453,PR305471,PR305478,PR305497,PR305504,PR305511	109.02950294783	[M-H]-	289	C6H6O2	2.6727169999999996
PR67680727	PR_000	PR309126	173.0086	[M-H]-	309	C6H6O6	1.93
PR95766084	PR_000	PR309127,PR309128	191.0188	[M-H]-	311	C6H8O7	1.605
PR25802641	PR_000	PR305526,PR305529,PR305532,PR305535,PR305538,PR305541,PR305544,PR305547,PR305550,PR305553,PR305556,PR305559,PR309364,PR309365,PR309366	163.04004545159734	[M-H]-	322	C9H8O3	4.0168136
PR78536381	PR_000	PR307304,PR307306,PR307308,PR307310,PR307312,PR307314,PR307316,PR307318,PR307320,PR307322,PR307324,PR307326,PR308727	317.08780607861223	[M+HCOO]-	346	C12H16O7	1.8779387692307687
PR83156917	PR_000	PR307303,PR307305,PR307307,PR307309,PR307311,PR307313,PR307315,PR307317,PR307319,PR307321,PR307323,PR307325,PR308726	271.08232672107385	[M-H]-	346	C12H16O7	1.8779387692307687
PR90425191	PR_000	PR308144,PR308146,PR308148,PR308150,PR308152,PR308154,PR308156,PR308158,PR308160,PR308162,PR308164,PR308166,PR309425	169.01424709030465	[M-H]-	370	C7H6O5	2.0421535384615384
PR07807381	PR_000	PR306367,PR306373,PR306379,PR306385,PR306390,PR306395,PR306401,PR306407,PR306412,PR306418,PR306424,PR306430,PR309368	255.0662822595354	[M-H]-	425	C15H12O4	6.429261538461538
PR01317112	PR_000	PR309311	303.0498	[M-H]-	471	C15H12O7	4.27
PR13602292	PR_000	PR309410	128.035	[M-H]-	499	C5H7NO3	1.76
PR60942428	PR_000	PR308122,PR308124,PR308126,PR308128,PR308130,PR308132,PR308134,PR308135,PR308137,PR308139,PR308141,PR308143,PR308793	287.0561115210739	[M-H]-	662	C15H12O6	4.796476615384615
PR38199862	PR_000	PR309342	133.0497	[M-H]-	677	C5H10O4	1.92
PR58286288	PR_000	PR307149,PR307151,PR307153,PR307156,PR307158,PR307160,PR307162,PR307164,PR307166,PR307168,PR309325	193.05063213439095	[M-H]-	709	C10H10O4	4.228393636363637
PR13965201	PR_000	PR309121	115.0023	[M-H]-	723	C4H4O4	1.66
PR85156380	PR_000	PR309124	131.0347	[M-H]-	743	C5H8O4	2.53
PR55249525	PR_000	PR309411	130.0868	[M-H]-	791	C6H13NO2	3.66
PR71492974	PR_000	PR309123	129.0188	[M-H]-	811	C5H6O4	2.18
PR63803495	PR_000	PR305565,PR305572,PR305578,PR305585,PR305590,PR305597,PR305603,PR305608,PR305614,PR305620,PR305627,PR305632,PR309308,PR309309	271.0610903267114	[M-H]-	932	C15H12O5	5.954571142857142
PR41911992	PR_000	PR309343	218.1032	[M-H]-	988	C9H17NO5	2.48
PR95668731	PR_000	PR309414	164.0708	[M-H]-	994	C9H11NO2	2.32
PR15924688	PR_000	PR309122	117.0182	[M-H]-	1110	C4H6O4	1.8
PR07064236	PR_000	PR309197	203.0788	[M-H]-	1148	C11H12N2O2	2.8
PR69936987	PR_000	PR309415	180.0654	[M-H]-	1153	C9H11NO3	1.79
PR16319304	PR_000	PR309135	243.0616	[M-H]-	1177	C9H12N2O6	1.81
PR52394537	PR_000	PR309133	283.0679	[M-H]-	1189	C10H12N4O6	2.09
PR69415930	PR_000	PR306208,PR306214,PR306220,PR306226,PR306232,PR306238,PR306244,PR306250,PR306256,PR306262,PR306268,PR306274,PR306282,PR306289,PR306296,PR306303,PR306309,PR306316,PR306322,PR306329,PR306336,PR306343,PR306350,PR306357,PR306362,PR306368,PR306374,PR306380,PR306386,PR306391,PR306396,PR306402,PR306408,PR306413,PR306419,PR306425,PR309323	289.07176170059137	[M-H]-	1203	C15H14O6	3.320113513513514
PR26162610	PR_000	PR309324	305.0649	[M-H]-	1249	C15H14O7	2.49
PR79877383	PR_000	PR309089	295.2272	[M-H]-	1424	C18H32O3	9.57
PR33051528	PR_000	PR309125	161.0451	[M-H]-	1662	C6H10O5	1.98
PR08658853	PR_000	PR309402	210.0766	[M-H]-	1670	C10H13NO4	3.52
PR77320768	PR_000	PR309306	255.065	[M-H]-	1889	C15H12O4	5.3
PR47296543	PR_000	PR309090	295.2274	[M-H]-	1927	C18H32O3	9.79
PR77720724	PR_000	PR309092,PR309093,PR309094,PR309095,PR309096	311.22204	[M-H]-	1928	C18H32O4	8.412
PR68995234	PR_000	PR309412,PR309413	172.0965	[M-H]-	1995	C8H15NO3	3.7350000000000003
PR67289927	PR_000	PR309403	206.0815	[M-H]-	2000	C11H13NO3	4.04
PR24826833	PR_000	PR304821,PR304825,PR304829,PR304832,PR304836,PR304840,PR304844,PR304848,PR304852,PR304856,PR304860,PR304864,PR308733	502.15661327861227	[M+HCOO]-	2180	C20H27NO11	3.3278003076923075
PR52272273	PR_000	PR304820,PR304824,PR304828,PR304831,PR304835,PR304839,PR304843,PR304847,PR304851,PR304855,PR304859,PR304863,PR308732	456.1511339210737	[M-H]-	2180	C20H27NO11	3.3278003076923075
PR67636624	PR_000	PR309132	187.0974	[M-H]-	2266	C9H16O4	4.78
PR83175702	PR_000	PR307395,PR307396,PR307397,PR307398,PR307399,PR307400,PR307401,PR307402,PR307403,PR307404,PR307405,PR307406,PR308728	327.0721559826124	[M-H]-	2356	C14H16O9	2.8515996923076923
PR06317074	PR_000	PR307473,PR308820	431.24391120200005	[M+HCOO]-	2464	C24H34O4	6.990425
PR67455233	PR_000	PR307093,PR307096,PR307098,PR307103,PR307106,PR307109,PR307114,PR307117,PR307120,PR307123,PR309377	179.03498204348176	[M-H]-	2518	C9H8O4	3.4359545454545453
PR22610626	PR_000	PR304895,PR304896,PR304897,PR304898,PR304899,PR304900,PR304901,PR304902,PR304903,PR304904,PR308846	216.06998822530002	[M-H]-	2550	C9H15NO3S	4.043469999999999
PR14114170	PR_000	PR304907,PR304909,PR304912,PR304915,PR304918,PR304921,PR304924,PR304927,PR304930,PR304933,PR304936,PR304938,PR305133,PR305135,PR305137,PR305139,PR305141,PR305143,PR305145,PR305147,PR305149,PR305151,PR305153,PR305155,PR308883	399.1925457297569	[M+HCOO]-	2866	C21H26N2O3	4.18347168
PR63824707	PR_000	PR304906,PR304911,PR304914,PR304917,PR304920,PR304923,PR304926,PR304929,PR304932,PR304935,PR304937,PR305132,PR305134,PR305136,PR305138,PR305140,PR305142,PR305144,PR305146,PR305148,PR305150,PR305152,PR305154,PR308871	353.1870664041706	[M-H]-	2866	C21H26N2O3	4.176727458333333
PR74120400	PR_000	PR305005,PR305007,PR305008,PR305011,PR305013,PR305014,PR305016,PR305017,PR309446	245.1084218202934	[M-H]-	3213	C17H14N2	4.922444444444444
PR92925918	PR_000	PR307873,PR307875,PR307877,PR307880,PR307883,PR307886,PR307888,PR307890	633.18249395183	[M+HCOO]-	3310	C29H32O13	5.420317
PR58755653	PR_000	PR307871,PR307872,PR307874,PR307876,PR307878,PR307879,PR307881,PR307882,PR307884,PR307885,PR307887,PR307889,PR308746	587.1770142903048	[M-H]-	3310	C29H32O13	5.420292615384615
PR72691126	PR_000	PR308334,PR308338,PR308344,PR308350,PR308356,PR308364,PR308368,PR308374,PR308378,PR308383,PR308387,PR308694,PR308908	821.3965933789332	[M-H]-	3495	C42H62O16	7.005818230769232
PR19265869	PR_000	PR306554,PR306560,PR306566,PR306572,PR306578,PR306584,PR306590,PR306595,PR306600,PR306606,PR306611,PR306616,PR309314,PR309441	301.0716643552828	[M-H]-	3593	C16H14O6	6.159386
PR56414675	PR_000	PR304819,PR304823,PR304827,PR304834,PR304838,PR304842,PR304846,PR304850,PR304854,PR304858,PR304862,PR308845	212.09283141884418	[M-H]-	3816	C10H15NO4	2.4445833333333336
PR67323983	PR_000	PR309369	337.1443	[M-H]-	3923	C21H22O4	8.11
PR46352506	PR_000	PR307589,PR307605,PR307617,PR307622,PR307630,PR307634	579.17192924783	[M-H]-	4441	C27H32O14	4.378117
PR33560668	PR_000	PR306620,PR306629,PR306634,PR306639,PR306644,PR306649,PR306654,PR306659,PR306664,PR306669,PR306674,PR308813	611.198143710511	[M-H]-	4453	C28H36O15	5.0730708333333325
PR21181439	PR_000	PR306434,PR306439,PR306444,PR306449,PR306454,PR306459,PR306464,PR306469,PR306474,PR306479,PR306484,PR306489,PR309445	435.1296705056892	[M-H]-	4789	C21H24O10	4.725938461538462
PR37528962	PR_000	PR307926,PR307927,PR307928,PR307929,PR307930,PR307931,PR307932,PR307933,PR307934,PR307935,PR308741	459.12967045818186	[M+HCOO]-	4865	C22H22O8	6.2612272727272735
PR96551372	PR_000	PR304940,PR304942,PR304944,PR304946,PR304948,PR304950,PR304952,PR304954,PR304956,PR304958,PR304960,PR304962,PR308888	653.2715834632277	[M+HCOO]-	5052	C33H40N2O9	6.098677230769231
PR13093885	PR_000	PR304939,PR304941,PR304943,PR304945,PR304947,PR304949,PR304951,PR304953,PR304955,PR304957,PR304959,PR304961,PR308887	607.2661041056892	[M-H]-	5052	C33H40N2O9	6.098677230769231
PR77986297	PR_000	PR306213,PR306219,PR306225,PR306231,PR306237,PR306243,PR306249,PR306255,PR306261,PR306267,PR306273,PR306279,PR308203,PR308205,PR308207,PR308209,PR308211,PR308213,PR308215,PR308217,PR308219,PR308221,PR308223,PR308225,PR308717	227.0713678379168	[M-H]-	5056	C14H12O3	5.283944
PR87254525	PR_000	PR305691,PR305698,PR305705,PR305712,PR305719,PR305726,PR305732,PR305739,PR305746,PR305753,PR305759,PR305766,PR308806	359.07724096722757	[M-H]-	5099	C18H16O8	4.633138461538462
PR12286640	PR_000	PR307521,PR307527,PR307533,PR307539,PR307545,PR307551,PR307557,PR307562,PR307567,PR307573,PR307579,PR307585,PR308827	861.1883673672278	[M-H]-	5199	C42H38O20	3.824553538461539
PR78939094	PR_000	PR307216,PR307218,PR307221,PR307223,PR307226,PR307228,PR307230,PR309430	176.02092986685125	[M-H]-	5350	C6H11NOS2	3.7022023749999997
PR81888545	PR_000	PR305158,PR305160,PR305163,PR305166,PR305169,PR305171,PR305174,PR305183,PR308892	711.2770627127378	[M+HCOO]-	5367	C35H42N2O11	6.720118222222222
PR97101961	PR_000	PR305157,PR305162,PR305165,PR305168,PR305173,PR305176,PR305178,PR305180,PR305182,PR305184,PR308889	665.2715834071182	[M-H]-	5367	C35H42N2O11	6.720120909090909
PR55649586	PR_000	PR309073	265.1823	[M-H]-	5423	C16H26O3	8.17
PR49058571	PR_000	PR308990	1078.5391	[M+HCOO]-	5513	C50H83NO21	4.78
PR08930172	PR_000	PR308958,PR309118	265.147	[M-H]-	8778	C12H26O4S	8.235
PR53984856	PR_000	PR307042,PR307044,PR307046,PR307049,PR307051,PR307054,PR307056,PR307058,PR308807	147.04515270918222	[M-H]-	8784	C9H8O2	5.851273777777778
PR72590575	PR_000	PR309103	297.2422	[M-H]-	8839	C18H34O3	10.08
PR61946283	PR_000	PR307063,PR307066,PR307069,PR307074,PR307076,PR307079,PR307084,PR307087,PR307090,PR308800	177.05571797304697	[M-H]-	9984	C10H10O3	4.778484400000001
PR03920513	PR_000	PR306553,PR306559,PR306565,PR306571,PR306577,PR306583,PR306589,PR306594,PR306599,PR306605,PR306610,PR306615,PR309394	269.0454971826124	[M-H]-	10207	C15H10O5	5.943969230769231
PR19918793	PR_000	PR309130	173.0795	[M-H]-	10457	C8H14O4	4.1
PR06582050	PR_000	PR306493,PR306497,PR306502,PR306507,PR306512,PR306516,PR306521,PR306526,PR306531,PR306536,PR306541,PR306546,PR308798	609.1824936441509	[M-H]-	10621	C28H34O15	4.494292307692308
PR17760838	PR_000	PR309390	164.0346	[M-H]-	10772	C8H7NO3	3.98
PR04993010	PR_000	PR306152,PR306157,PR306162,PR306167,PR306172,PR306177,PR306182,PR306187,PR306192,PR306197,PR306202,PR306207,PR309310	287.0561115210739	[M-H]-	11095	C15H12O6	5.340168923076922
PR91715972	PR_000	PR305564,PR305570,PR305577,PR305583,PR305589,PR305595,PR305601,PR305613,PR305618,PR305625,PR309367	163.04006786166363	[M-H]-	11496	C9H8O3	4.405666363636365
PR26671950	PR_000	PR307173,PR307177,PR307181,PR307185,PR307188,PR307192,PR307196,PR307200,PR307204,PR307208,PR307212,PR308766	174.00527986051085	[M-H]-	11620	C6H9NOS2	3.7868530833333325
PR81200920	PR_000	PR305694,PR305701,PR305708,PR305715,PR305722,PR305728,PR305735,PR305742,PR305749,PR305755,PR305762,PR305769,PR308809	177.0557179210738	[M-H]-	13245	C10H10O3	5.855738153846155
PR59685798	PR_000	PR309104	297.244	[M-H]-	15868	C18H34O3	10.3
PR35356300	PR_000	PR306011,PR306017,PR306023,PR306029,PR306035,PR306041,PR306047,PR306058,PR306064,PR306070,PR308804	207.0662822253	[M-H]-	16848	C11H12O4	5.187106363636363
PR82129759	PR_000	PR308181,PR308183,PR308185,PR308187,PR308189,PR308191,PR308193,PR308196,PR308198,PR308200,PR308202,PR308760	195.06628224384417	[M-H]-	17198	C10H12O4	4.3284875000000005
PR87637503	PR_000	PR305776,PR305783,PR305788,PR305801,PR305807,PR305825,PR305832,PR308802	177.05571802935123	[M-H]-	26862	C10H10O3	6.11584375
PR60245575	PR_000	PR304873,PR304875,PR304877,PR304879,PR304881,PR304883,PR304885,PR304887,PR304889,PR304891,PR304893,PR304894,PR308886	476.207861151843	[M-H]-	28126	C28H31NO6	5.034276615384615
PR06499044	PR_000	PR309391	180.0292	[M-H]-	28495	C8H7NO4	1.83
PR11260056	PR_000	PR309117	173.1182	[M-H]-	36599	C9H18O3	4.9
PR09775125	PR_000	PR305258,PR305259,PR305260,PR305261,PR305262,PR305263,PR305264,PR305265,PR305266,PR308815	167.06147166304703	[M-H]-	64961	C11H8N2	3.4738096999999994
PR73322463	PR_000	PR306209,PR306215,PR306221,PR306227,PR306233,PR306239,PR306245,PR306251,PR306257,PR306263,PR306269,PR306275,PR308799	457.07763456722773	[M-H]-	65064	C22H18O11	3.4680772307692305
PR69005512	PR_000	PR307690,PR307695,PR307699,PR307703,PR307708,PR307713,PR307717,PR307722,PR307727,PR307731,PR307734,PR307738,PR308769	423.1296705056892	[M-H]-	65243	C20H24O10	5.343030461538461
PR29034196	PR_000	PR304866,PR304867,PR304868,PR304869,PR304870,PR304871,PR308729	144.04548772671143	[M-H]-	69141	C9H7NO	2.932757428571428
PR21646029	PR_000	PR307418	311.128882704	[M+HCOO]-	72300	C18H18O2	9.205833
PR18701531	PR_000	PR307407,PR307408,PR307409,PR307410,PR307411,PR307412,PR307413,PR307414,PR307415,PR307416,PR307417,PR308823	265.1234031166666	[M-H]-	72300	C18H18O2	9.206180250000001
PR40221514	PR_000	PR307474,PR307475,PR307476,PR307477,PR307478,PR307479,PR307480,PR307481,PR307482,PR308822	265.123403013047	[M-H]-	72303	C18H18O2	8.633374999999997
PR16175636	PR_000	PR309116	171.1018	[M-H]-	75704	C9H16O3	5.75
PR94340476	PR_000	PR308955	123.0113	[M-H]-	79392	C3H8O3S	1.74
PR35082703	PR_000	PR306211,PR306217,PR306223,PR306229,PR306235,PR306241,PR306247,PR306253,PR306259,PR306265,PR306271,PR306277,PR308794	579.1719293056892	[M-H]-	85704	C27H32O14	4.287030461538461
PR63894203	PR_000	PR305775,PR305782,PR305794,PR305800,PR305813,PR305824,PR305831,PR305838,PR308781	639.1930588016266	[M+HCOO]-	85705	C28H34O14	5.356608
PR36162018	PR_000	PR305774,PR305781,PR305793,PR305799,PR305806,PR305812,PR305818,PR305823,PR305830,PR305837,PR305843	593.1875793478301	[M-H]-	85705	C28H34O14	5.356184
PR33357183	PR_000	PR306082,PR306088,PR306094,PR306100,PR306106,PR306112,PR306118,PR306124,PR306130,PR306135,PR306141,PR306147,PR308805	207.0662822595354	[M-H]-	86092	C11H12O4	6.2510615384615384
PR10076447	PR_000	PR309152	540.3307	[M+HCOO]-	86554	C24H50NO7P	9.91
PR66038462	PR_000	PR305850,PR305857,PR305876,PR305883,PR305889,PR305901,PR305908,PR305921,PR308803	177.0557179980711	[M-H]-	87155	C10H10O3	6.023866666666667
PR12642570	PR_000	PR309147,PR309148	452.27695	[M-H]-	89229	C21H44NO7P	9.915
PR92487210	PR_000	PR308100,PR308103,PR308105,PR308107,PR308110,PR308112,PR308114,PR308116,PR308118,PR308808	149.060802833047	[M-H]-	94274	C9H10O2	3.7596849999999997
PR50781896	PR_000	PR304440,PR304444,PR304448,PR304452,PR304455,PR304459,PR304463,PR304467,PR304471,PR304475,PR304478,PR304482,PR304487,PR304489,PR304491,PR304493,PR304495,PR304497,PR304499,PR304501,PR304503,PR304505,PR304507,PR304509,PR304596,PR304600,PR304604,PR304608,PR304612,PR304616,PR304618,PR304622,PR304626,PR304630,PR304634,PR304638,PR304678,PR304682,PR304686,PR304690,PR304694,PR304698,PR304702,PR304706,PR304710,PR304714,PR304717,PR304721,PR304723,PR304725,PR304727,PR304729,PR304731,PR304733,PR304735,PR304737,PR304739,PR304741,PR304743,PR304745,PR304748,PR304750,PR304752,PR304754,PR304756,PR304758,PR304760,PR304762,PR304764,PR304766,PR304768,PR304770,PR308873	367.166330836216	[M-H]-	98363	C21H24N2O4	4.395964328767122
PR01659793	PR_000	PR307525,PR307531,PR307537,PR307543,PR307549,PR307555,PR307571,PR307577,PR307583,PR308687	1123.590578066647	[M+HCOO]-	100018	C53H90O22	6.0109
PR97084822	PR_000	PR307524,PR307530,PR307536,PR307542,PR307548,PR307554,PR307560,PR307565,PR307570,PR307576,PR307582,PR308683	1077.5850986688442	[M-H]-	100018	C53H90O22	6.010916666666668
PR06178743	PR_000	PR307744,PR307749,PR307754,PR307759,PR307764,PR307769,PR307773,PR307778,PR307783,PR307788,PR307793,PR307798,PR308703	1003.5119329093818	[M+HCOO]-	108062	C48H78O19	5.205507384615386
PR73682734	PR_000	PR307745,PR307750,PR307755,PR307760,PR307765,PR307770,PR307774,PR307779,PR307784,PR307789,PR307794,PR307799,PR308700	957.5064535518429	[M-H]-	108062	C48H78O19	5.205507384615386
PR66844099	PR_000	PR309078	293.211	[M-H]-	111585	C18H30O3	9.08
PR70545006	PR_000	PR305926,PR305933,PR305940,PR305947,PR305954,PR305961,PR305968,PR305975,PR305982,PR305989,PR305996,PR306003,PR309000	207.0662822595354	[M-H]-	119216	C11H12O4	4.7213541538461525
PR75139836	PR_000	PR309038,PR309040,PR309044	355.1176666666667	[M-H]-	119269	C20H20O6	8.020000000000001
PR97542407	PR_000	PR305925,PR305932,PR305939,PR305946,PR305953,PR305960,PR305967,PR305974,PR305981,PR305988,PR305995,PR306002,PR308824	577.1351498595352	[M-H]-	122738	C30H26O12	3.226231076923077
PR35600040	PR_000	PR307891,PR307892,PR307893,PR307894,PR307895,PR307896,PR307897,PR307898,PR307899,PR307900,PR307901,PR307902,PR308735	301.1445325364585	[M-H]-	123725	C18H22O4	5.241968923076924
PR16180409	PR_000	PR308008,PR308010,PR308012,PR308014,PR308017,PR308019,PR308021,PR308023,PR308025,PR308027,PR308030,PR308032,PR308734	297.11323244415075	[M-H]-	123917	C18H18O4	6.181907076923077
PR42898937	PR_000	PR307937,PR307939,PR307941,PR307943,PR307945,PR307947,PR307949,PR307951,PR307953,PR307955,PR307957,PR307959,PR308739	405.1554912478431	[M+HCOO]-	134203	C20H24O6	4.958107692307691
PR42240318	PR_000	PR307936,PR307938,PR307940,PR307942,PR307944,PR307946,PR307948,PR307950,PR307952,PR307954,PR307956,PR307958,PR309426	359.15001189030465	[M-H]-	134203	C20H24O6	4.958107692307691
PR04982089	PR_000	PR304807,PR304808,PR304809,PR304810,PR304811,PR304812,PR304813,PR304814,PR304815,PR304816,PR304817,PR304818,PR308817	302.12988607492	[M-H]-	151289	C19H17N3O	7.774584923076924
PR88187379	PR_000	PR309107,PR309108,PR309109,PR309110,PR309111,PR309112,PR309113	329.2323285714286	[M-H]-	153001	C18H34O5	6.887142857142857
PR59378018	PR_000	PR305268,PR305270,PR305272,PR305274,PR305276,PR305278,PR305280,PR305282,PR305284,PR305286,PR305288,PR305290,PR308708	1235.6066217093814	[M+HCOO]-	156099	C58H94O25	6.121723384615384
PR00918866	PR_000	PR305267,PR305269,PR305271,PR305273,PR305275,PR305277,PR305279,PR305281,PR305283,PR305285,PR305287,PR305289,PR308705	1189.6011423518432	[M-H]-	156099	C58H94O25	6.121723384615384
PR40248737	PR_000	PR308319,PR308320,PR308321,PR308322,PR308323,PR308324,PR308325,PR308326,PR308327,PR308328,PR308329,PR308330,PR308718	255.10266810568925	[M-H]-	160517	C16H16O3	8.007708000000003
PR86111641	PR_000	PR309199	209.0447	[M-H]-	160594	C10H10O5	3.07
PR95190494	PR_000	PR307802,PR307807,PR307812,PR307817,PR307822,PR307827,PR307832,PR307837,PR307842,PR307847,PR307851,PR307855,PR308770	439.1245855210737	[M-H]-	161120	C20H24O11	4.331139076923078
PR68053079	PR_000	PR305422,PR305424,PR305426,PR305428,PR305430,PR305432,PR305434,PR305436,PR305438,PR305440,PR305442,PR305444,PR308711	1019.5068479247662	[M+HCOO]-	161823	C48H78O20	4.8933849230769235
PR57074942	PR_000	PR305423,PR305425,PR305427,PR305429,PR305431,PR305433,PR305435,PR305437,PR305439,PR305441,PR305443,PR305445,PR308702	973.5013685672279	[M-H]-	161823	C48H78O20	4.8933849230769235
PR89998532	PR_000	PR304724,PR304726,PR304728,PR304730,PR304732,PR304734,PR304736,PR304738,PR304740,PR304742,PR304744,PR304746,PR308863	326.03062552107383	[M-H]-	165274	C16H9NO7	5.95386123076923
PR50751883	PR_000	PR304443,PR304447,PR304451,PR304458,PR304462,PR304466,PR304470,PR304474,PR304481,PR304485,PR308816	271.1240718616636	[M-H]-	168919	C19H16N2	5.224015454545455
PR25916229	PR_000	PR306928,PR306932,PR306937,PR306942,PR306947,PR306952,PR306957,PR306962,PR306967,PR306972,PR306977,PR306982,PR308790	239.07136792107391	[M-H]-	176925	C15H12O3	7.452307692307692
PR40339383	PR_000	PR308925	955.4913	[M-H]-	178247	C48H76O19	7.49
PR11235631	PR_000	PR309014	337.0922	[M-H]-	179719	C16H18O8	3.85
PR39187576	PR_000	PR309331	439.1869	[M-H]-	181734	C24H28N2O6	5.2
PR34763892	PR_000	PR304679,PR304683,PR304687,PR304691,PR304695,PR304699,PR304703,PR304707,PR304711,PR304718,PR304722,PR308893	715.350108943844	[M-H]-	182033	C43H48N4O6	5.7801072499999995
PR08891107	PR_000	PR308228,PR308231,PR308234,PR308236,PR308239,PR308242,PR308245,PR308248,PR308251,PR308254,PR308257,PR308260,PR308719	275.0924973709199	[M+HCOO]-	185914	C14H14O3	5.146876307692309
PR50915541	PR_000	PR308227,PR308230,PR308233,PR308238,PR308241,PR308244,PR308247,PR308250,PR308253,PR308256,PR308259,PR308965	229.08701802717744	[M-H]-	185914	C14H14O3	5.146898
PR77243886	PR_000	PR309291	575.1386	[M-H]-	194340	C27H28O14	4.66
PR12851638	PR_000	PR307291,PR307292,PR307293,PR307294,PR307295,PR307296,PR307297,PR307298,PR307299,PR307300,PR307301,PR307302,PR308730	247.13396819799692	[M-H]-	196319	C15H20O3	7.9096769230769235
PR59759812	PR_000	PR307520,PR307526,PR307532,PR307538,PR307544,PR307550,PR307556,PR307561,PR307566,PR307572,PR307578,PR307584,PR308724,PR309023	515.1193354981399	[M-H]-	205954	C25H24O12	3.5692997142857137
PR30507018	PR_000	PR308057,PR308059,PR308061,PR308063,PR308065,PR308067,PR308069,PR308071,PR308073,PR308075,PR308077,PR308079,PR309427	787.2666176478432	[M+HCOO]-	226371	C34H46O18	3.614184307692308
PR72253366	PR_000	PR308056,PR308058,PR308060,PR308062,PR308064,PR308066,PR308068,PR308070,PR308072,PR308074,PR308076,PR308078,PR308750	741.2611382903046	[M-H]-	226371	C34H46O18	3.614184307692308
PR30484174	PR_000	PR307859,PR307860,PR307861,PR307862,PR307863,PR307864,PR307865,PR307866,PR307867,PR307868,PR307869,PR307870	371.15001204783	[M-H]-	230232	C21H24O6	6.638499999999998
PR39241172	PR_000	PR306433,PR306438,PR306443,PR306448,PR306453,PR306458,PR306463,PR306468,PR306473,PR306478,PR306483,PR306488,PR308797	609.1824936441509	[M-H]-	232990	C28H34O15	4.609245846153846
PR88747727	PR_000	PR307994,PR307995,PR307996,PR307997,PR307998,PR307999,PR308000,PR308001,PR308002,PR308003,PR308004,PR308005	357.13436194782986	[M-H]-	234817	C20H22O6	5.590617000000001
PR02790588	PR_000	PR309307	255.065	[M-H]-	238782	C15H12O4	7.47
PR17842906	PR_000	PR304987,PR304988,PR304989,PR304990,PR304991,PR304992,PR304993,PR304994,PR304995,PR304996,PR304997,PR304998,PR308864	326.13978161338156	[M-H]-	248507	C19H21NO4	3.3599695384615385
PR41667372	PR_000	PR305247	397.17689545183	[M+HCOO]-	251561	C21H24N2O3	4.86205
PR48191412	PR_000	PR305234,PR305236,PR305238,PR305240,PR305242,PR305244,PR305246,PR305249,PR305251,PR305253,PR305255,PR305257,PR308868	351.1714164441507	[M-H]-	251561	C21H24N2O3	4.861892307692306
PR92121217	PR_000	PR307495,PR307496,PR308819	429.228261536	[M+HCOO]-	259992	C24H32O4	7.5622
PR84216343	PR_000	PR305187,PR305190,PR305193,PR305196,PR305199,PR305202,PR305205,PR305208,PR305211,PR305214,PR305217,PR305220,PR308390,PR308393,PR308396,PR308399,PR308404,PR308407,PR308412,PR308416,PR308423,PR308426,PR308430,PR308983	912.4962233819151	[M+HCOO]-	262500	C45H73NO15	4.9503916666666665
PR70378058	PR_000	PR305186,PR305189,PR305192,PR305195,PR305198,PR305201,PR305204,PR305207,PR305210,PR305213,PR305216,PR305219,PR308395,PR308403,PR308411,PR308415,PR308419,PR308425,PR308429,PR309424	866.4907440186983	[M-H]-	262500	C45H73NO15	4.952149999999999
PR35589436	PR_000	PR305409,PR305411,PR305413,PR305414,PR305415,PR305417,PR305419,PR305421,PR308671	795.4536304016266	[M+HCOO]-	267360	C41H66O12	7.937673777777778
PR34037020	PR_000	PR305407,PR305408,PR305410,PR305412,PR305416,PR305418,PR305420,PR308664	749.4481510043512	[M-H]-	267360	C41H66O12	7.937710125
PR64172131	PR_000	PR304594,PR304598,PR304602,PR304606,PR304610,PR304614,PR304617,PR304620,PR304624,PR304628,PR304632,PR304636,PR308861	321.16085142876625	[M-H]-	279057	C20H22N2O2	3.1986920000000003
PR46993003	PR_000	PR306364,PR306370,PR306376,PR306382,PR306388,PR306393,PR306398,PR306404,PR306410,PR306415,PR306421,PR306427,PR309315,PR309316,PR309317	433.11346435826397	[M-H]-	282013	C21H22O10	4.4959999999999996
PR03426190	PR_000	PR309392	623.2386	[M-H]-	338256	C36H36N2O8	6.4
PR84980819	PR_000	PR307960,PR307961,PR307962,PR307963,PR307964,PR307965,PR307966,PR307967,PR307968,PR307969,PR307970,PR307971,PR308737	357.1343617979968	[M-H]-	345761	C20H22O6	5.9631384615384615
PR88453474	PR_000	PR309350	399.093	[M+HCOO]-	346340	C16H18O9	3.12
PR23586166	PR_000	PR306012,PR306018,PR306024,PR306030,PR306036,PR306042,PR306048,PR306053,PR306059,PR306065,PR306071,PR306076,PR309313	285.0768473672277	[M-H]-	348130	C16H14O5	7.422153538461537
PR87210603	PR_000	PR309015,PR309016,PR309017	353.0869	[M-H]-	348159	C16H18O9	3.1
PR48936719	PR_000	PR307350,PR307352,PR307355,PR307357,PR307359,PR307361,PR307363,PR307365,PR307367,PR307369,PR307371,PR308758	401.1089354641775	[M+HCOO]-	354445	C16H20O9	3.443865583333334
PR24567024	PR_000	PR307349,PR307351,PR307353,PR307354,PR307356,PR307358,PR307360,PR307362,PR307364,PR307366,PR307368,PR307370	355.1034557478301	[M-H]-	354445	C16H20O9	3.4442170000000005
PR67358089	PR_000	PR308121,PR308123,PR308125,PR308127,PR308129,PR308131,PR308133,PR308136,PR308138,PR308140,PR308142,PR309442	165.05571793551078	[M-H]-	361171	C9H10O3	3.175508333333333
PR91007916	PR_000	PR308944	433.1351	[M+HCOO]-	369002	C17H24O10	3.84
PR52531980	PR_000	PR309288	445.1148	[M-H]-	369636	C22H22O10	4.09
PR59436190	PR_000	PR308288,PR308291,PR308294,PR308297,PR308300,PR308304,PR308307,PR308310,PR308312,PR308315,PR308318,PR308716	435.1296705058441	[M+HCOO]-	393787	C20H22O8	4.04258225
PR78284805	PR_000	PR308287,PR308290,PR308293,PR308296,PR308299,PR308301,PR308303,PR308306,PR308309,PR308311,PR308314,PR308317,PR308966	389.12419115184304	[M-H]-	393787	C20H22O8	4.042600307692307
PR90286650	PR_000	PR304597,PR304601,PR304605,PR304609,PR304613,PR304619,PR304623,PR304627,PR304631,PR304635,PR304639,PR308879	383.1976308688441	[M-H]-	409518	C22H28N2O4	4.634384416666666
PR28639725	PR_000	PR308531,PR308538,PR308543,PR308548,PR308555,PR308562,PR308568,PR308581,PR308587,PR308594,PR308600,PR308723	1273.5706298641778	[M+HCOO]-	409778	C56H92O29	6.981375
PR62507649	PR_000	PR308530,PR308537,PR308542,PR308547,PR308554,PR308561,PR308567,PR308574,PR308580,PR308586,PR308593,PR308599,PR308722	1227.5651505056894	[M-H]-	409778	C56H92O29	6.981384615384615
PR85401722	PR_000	PR307232,PR307234,PR307236,PR307238,PR307240,PR307242,PR307244,PR307246,PR307248,PR307250,PR307252,PR307254,PR308764	424.0377616133814	[M-H]-	415565	C14H19NO10S2	2.003615692307693
PR36944749	PR_000	PR304747,PR304749,PR304751,PR304753,PR304755,PR304757,PR304759,PR304761,PR304763,PR304765,PR304767,PR304769,PR308865	328.1554316133815	[M-H]-	416119	C19H23NO4	3.043661846153846
PR74709211	PR_000	PR307170,PR307174,PR307178,PR307182,PR307186,PR307189,PR307193,PR307197,PR307201,PR307205,PR307209,PR307213,PR308761	358.02719727491996	[M-H]-	417411	C10H17NO9S2	1.768107692307692
PR23067889	PR_000	PR305233,PR305235,PR305237,PR305239,PR305241,PR305243,PR305245,PR305248,PR305250,PR305252,PR305254,PR305256,PR308882	399.1925458903046	[M-H]-	419781	C22H28N2O5	3.8931846153846155
PR50010698	PR_000	PR308993	1127.5479	[M+HCOO]-	426059	C51H86O24	4.91
PR26310147	PR_000	PR308994	1081.5402	[M-H]-	426059	C51H86O24	4.92
PR30773304	PR_000	PR304999,PR305000,PR305001,PR305002,PR305003,PR308876	374.19729716999996	[M+HCOO]-	431673	C20H27NO3	3.0675833333333333
PR49206693	PR_000	PR307803,PR307808,PR307813,PR307818,PR307823,PR307828,PR307833,PR307838,PR307843,PR307852,PR307856,PR308679	845.4904098203333	[M+HCOO]-	432116	C42H72O14	4.799220833333332
PR46035772	PR_000	PR305319,PR305320,PR305322,PR305324,PR305326,PR305327,PR305329,PR305331,PR305333,PR305334,PR305336,PR305338,PR308682	991.5483187555357	[M+HCOO]-	432449	C48H82O18	4.790415384615384
PR75994930	PR_000	PR305318,PR305321,PR305323,PR305325,PR305328,PR305330,PR305332,PR305335,PR305337,PR308681	945.542839413047	[M-H]-	432449	C48H82O18	4.790405
PR66171063	PR_000	PR307806,PR307811,PR307816,PR307821,PR307826,PR307831,PR307836,PR307841,PR307846,PR307850,PR308688	1123.5905780471182	[M+HCOO]-	432450	C53H90O22	6.159697272727272
PR71975298	PR_000	PR307805,PR307810,PR307815,PR307820,PR307825,PR307830,PR307835,PR307840,PR307845,PR307849,PR307854,PR307858,PR308684	1077.5850986595356	[M-H]-	432450	C53H90O22	6.159692615384615
PR62556456	PR_000	PR307591,PR307595,PR307598,PR307602,PR307607,PR307611,PR307614,PR307619,PR307624,PR307628,PR308690	1153.601141683482	[M+HCOO]-	432524	C54H92O23	5.889590909090909
PR19790271	PR_000	PR307590,PR307594,PR307597,PR307601,PR307606,PR307610,PR307613,PR307618,PR307623,PR307627,PR307631,PR307635,PR308686	1107.5956623518432	[M-H]-	432524	C54H92O23	5.889584615384615
PR09652950	PR_000	PR307268,PR307269,PR307270,PR307271,PR307272,PR307273,PR307274,PR307275,PR307276,PR307277,PR307278,PR307279,PR308763	408.04284727491995	[M-H]-	437038	C14H19NO9S2	2.8276304615384613
PR47965135	PR_000	PR309373,PR309374	249.12325	[M-H]-	439877	C13H18N2O3	2.325
PR74457892	PR_000	PR308081,PR308083,PR308085,PR308087,PR308088,PR308090,PR308092,PR308094,PR308095,PR308097,PR308099,PR309443	147.04515279384415	[M-H]-	440733	C9H8O2	4.522276083333334
PR72952438	PR_000	PR307373,PR307375,PR307377,PR307379,PR307381,PR307383,PR307385,PR307387,PR307389,PR307392,PR307394,PR308714	525.1613641725108	[M+HCOO]-	442534	C23H28O11	3.779251083333334
PR19937417	PR_000	PR307372,PR307374,PR307376,PR307378,PR307380,PR307382,PR307384,PR307386,PR307388,PR307390,PR307391,PR307393,PR308712	479.1558856133816	[M-H]-	442534	C23H28O11	3.779245846153847
PR32337466	PR_000	PR307280,PR307281,PR307282,PR307283,PR307284,PR307285,PR307286,PR307287,PR307288,PR307289,PR307290,PR308731	293.17583261051084	[M-H]-	442793	C17H26O4	7.449266666666667
PR75708078	PR_000	PR309034	323.1275	[M-H]-	480763	C20H20O4	7.58
PR29250280	PR_000	PR309041	391.1896	[M-H]-	480768	C25H28O4	9.05
PR71170287	PR_000	PR309043	423.1818	[M-H]-	480770	C25H28O6	9.08
PR94175026	PR_000	PR309026,PR309027	381.2057	[M-H]-	480815	C24H30O4	8.225
PR46946036	PR_000	PR308992	1093.5428	[M+HCOO]-	500375	C51H84O22	5.04
PR17465900	PR_000	PR309050	339.1228	[M-H]-	503731	C20H20O5	8.35
PR90813358	PR_000	PR309036	339.1229	[M-H]-	509245	C20H20O5	7.66
PR97230850	PR_000	PR309211	447.053	[M-H]-	547456	C16H20N2O9S2	3.11
PR47257790	PR_000	PR309404	250.0713	[M-H]-	562665	C12H13NO5	3.72
PR32310051	PR_000	PR305108,PR305110,PR305112,PR305114,PR305116,PR305118,PR305120,PR305122,PR305124,PR305126,PR305128,PR305130,PR308857	276.1241315210738	[M-H]-	573663	C15H19NO4	3.2680615384615384
PR96920506	PR_000	PR304642,PR304645,PR304648,PR304651,PR304654,PR304657,PR304660,PR304663,PR304666,PR304669,PR304672,PR304675,PR308894	749.39197337092	[M+HCOO]-	579054	C43H52N4O5	4.938276615384615
PR04436851	PR_000	PR304641,PR304644,PR304647,PR304650,PR304653,PR304656,PR304659,PR304662,PR304665,PR304668,PR304671,PR304674,PR308890	703.3864940133816	[M-H]-	579054	C43H52N4O5	4.938276615384615
PR17303156	PR_000	PR307973,PR307974,PR307976,PR307978,PR307980,PR307981,PR307983,PR307985,PR307987,PR307989,PR307991,PR307993,PR308740	407.1711413401508	[M+HCOO]-	586372	C20H26O6	4.770046153846153
PR14111595	PR_000	PR307972,PR307975,PR307977,PR307979,PR307982,PR307984,PR307986,PR307988,PR307990,PR307992,PR308738	361.16566195257275	[M-H]-	586372	C20H26O6	4.770045454545454
PR78253386	PR_000	PR309216	477.0631	[M-H]-	598860	C17H22N2O10S2	3.52
PR53114177	PR_000	PR307419,PR307420,PR307421,PR307423,PR307424,PR307425,PR307427,PR307428,PR307429,PR307431,PR309196	435.1507999127273	[M+HCOO]-	601562	C17H26O10	3.36397
PR76973760	PR_000	PR307422,PR307426,PR307430	389.14532059999993	[M-H]-	601562	C17H26O10	3.364367
PR05960419	PR_000	PR305045,PR305049,PR305053,PR305057,PR305061,PR305066,PR305070,PR305073,PR305077,PR305082,PR305086,PR305090,PR308885	443.21876032476604	[M+HCOO]-	611919	C23H30N2O4	5.513246461538462
PR85510441	PR_000	PR305044,PR305048,PR305052,PR305056,PR305060,PR305065,PR305069,PR305072,PR305076,PR305081,PR305085,PR305089,PR308881	397.21328096722766	[M-H]-	611919	C23H30N2O4	5.513246461538462
PR37387643	PR_000	PR309025	269.0813	[M-H]-	623060	C16H14O4	5.93
PR10598144	PR_000	PR304486,PR304488,PR304490,PR304492,PR304494,PR304496,PR304498,PR304500,PR304502,PR304504,PR304506,PR304508,PR308858	293.16593709030457	[M-H]-	626363	C19H22N2O	3.582461846153846
PR11230848	PR_000	PR305109,PR305111,PR305113,PR305115,PR305117,PR305119,PR305121,PR305123,PR305125,PR305127,PR305129,PR305131,PR308866	339.1714164441507	[M-H]-	630921	C20H24N2O3	3.8140458461538462
PR51146233	PR_000	PR307456,PR307457,PR307458,PR307459,PR307460,PR307461,PR308821	487.2337413748572	[M+HCOO]-	633349	C26H34O6	7.5083139999999995
PR71902618	PR_000	PR307062,PR307065,PR307068,PR307071,PR307073,PR307075,PR307078,PR307081,PR307083,PR307086,PR307089,PR307092,PR309001	223.06119727492003	[M-H]-	637775	C11H12O5	4.210184615384616
PR84408563	PR_000	PR309219	253.0498	[M-H]-	688715	C15H10O4	8.56
PR62763345	PR_000	PR309225	297.0757	[M-H]-	688836	C17H14O5	6.76
PR26136029	PR_000	PR306986,PR306990,PR306994,PR307001,PR307005,PR307009,PR307013,PR307017,PR307021,PR307025,PR308791	239.07136795257276	[M-H]-	2734580	C15H12O3	7.162893636363637
PR22066587	PR_000	PR309119	217.1079	[M-H]-	3017884	C10H18O5	4.3
PR97887995	PR_000	PR309160	566.3452	[M+HCOO]-	3082003	C26H52NO7P	10.27
PR59866605	PR_000	PR308956	154.9836	[M-H]-	3083960	C3H8O3S2	2.93
PR62074627	PR_000	PR307061,PR307064,PR307067,PR307070,PR307072,PR307077,PR307080,PR307082,PR307085,PR307088,PR307091,PR309303	593.1511935271774	[M-H]-	3084407	C27H30O15	3.3028416666666662
PR96984781	PR_000	PR305004,PR305006,PR305009,PR305010,PR305012,PR305015,PR308884	432.2027764891429	[M+HCOO]-	3101182	C22H29NO5	3.030328285714286
PR26521663	PR_000	PR304549,PR304553,PR304557,PR304561,PR304565,PR304569,PR304573,PR304577,PR304581,PR304585,PR304589,PR304593,PR308872	365.1870665364585	[M-H]-	3281521	C22H26N2O3	5.674446461538461
PR70600227	PR_000	PR309054	299.0761	[M-H]-	3320872	C13H16O8	2.58
PR28222027	PR_000	PR308145,PR308147,PR308149,PR308151,PR308153,PR308155,PR308157,PR308159,PR308161,PR308163,PR308165,PR308167,PR308756	287.140116351843	[M-H]-	3321899	C16H20N2O3	6.139554153846153
PR68903925	PR_000	PR309005	591.1714	[M-H]-	3347980	C28H32O14	4.62
PR79943149	PR_000	PR308262,PR308264,PR308266,PR308268,PR308270,PR308272,PR308274,PR308276,PR308278,PR308280,PR308282,PR308284,PR309450	245.09316616722768	[M-H]-	3398622	C13H14N2O3	4.52866153846154
PR89047812	PR_000	PR305064,PR305080	796.41249385183	[M+HCOO]-	3403655	C39H61NO13	5.103483
PR90172740	PR_000	PR305043,PR305047,PR305051,PR305055,PR305059,PR305063,PR305068,PR305071,PR305075,PR305079,PR305084,PR305088,PR308895	750.4070141979971	[M-H]-	3403655	C39H61NO13	5.103215076923076
PR39899765	PR_000	PR309063	387.1291	[M+HCOO]-	3496897	C16H22O8	2.88
PR74661034	PR_000	PR308969	753.4027	[M+HCOO]-	3509806	C38H60O12	8.59
PR11821599	PR_000	PR307328,PR307330,PR307332,PR307334,PR307336,PR307338,PR307341,PR307343,PR307345,PR307348,PR309195	433.1351498653001	[M+HCOO]-	3515873	C17H24O10	3.4165909090909086
PR95447290	PR_000	PR307327,PR307329,PR307331,PR307333,PR307335,PR307337,PR307339,PR307340,PR307342,PR307344,PR307346,PR307347,PR308754	387.1296705056892	[M-H]-	3515873	C17H24O10	3.416538461538461
PR55053134	PR_000	PR307638,PR307641,PR307643,PR307648,PR307651,PR307654,PR307657,PR307659,PR307662,PR307664,PR308759	419.1194997309092	[M+HCOO]-	3515878	C16H22O10	3.1980000000000004
PR31314381	PR_000	PR307637,PR307640,PR307645,PR307647,PR307650,PR307653,PR307656,PR307658,PR307661,PR307663	373.11402039999996	[M-H]-	3515878	C16H22O10	3.1978
PR54988329	PR_000	PR309302	579.1354	[M-H]-	3542481	C26H28O15	3.35
PR71747411	PR_000	PR307095,PR307100,PR307102,PR307105,PR307108,PR307111,PR307113,PR307116,PR307119,PR307122,PR309304	609.1461085889363	[M-H]-	3549960	C27H30O16	3.0775300000000003
PR71762077	PR_000	PR309289	461.1077	[M-H]-	3556303	C22H22O11	3.71
PR52277330	PR_000	PR306149,PR306154,PR306159,PR306164,PR306169,PR306174,PR306179,PR306184,PR306189,PR306194,PR306199,PR306204,PR308796	595.166843551843	[M-H]-	3564542	C27H32O15	3.9208307692307702
PR88004270	PR_000	PR305309,PR305310,PR305311,PR305312,PR305313,PR305314,PR305315,PR305316,PR305317,PR308691	633.400807253047	[M-H]-	3568493	C36H58O9	7.3318747
PR66950220	PR_000	PR304442,PR304446,PR304450,PR304454,PR304457,PR304461,PR304465,PR304469,PR304473,PR304477,PR304480,PR304484,PR308878	383.19763087492	[M-H]-	3582412	C22H28N2O4	4.609661230769231
PR41829145	PR_000	PR304905,PR304908,PR304910,PR304913,PR304916,PR304919,PR304922,PR304925,PR304928,PR304931,PR304934,PR308721	632.3440203703332	[M+HCOO]-	3605588	C33H49NO8	4.00955725
PR61991038	PR_000	PR308007,PR308016,PR308029,PR308744	579.2083135638725	[M+HCOO]-	3660596	C27H34O11	5.1797375
PR33474871	PR_000	PR308006,PR308009,PR308011,PR308013,PR308015,PR308018,PR308020,PR308022,PR308024,PR308026,PR308028,PR308031,PR308742	533.2028357979968	[M-H]-	3660596	C27H34O11	5.179676923076924
PR60919783	PR_000	PR307742	517.35346285183	[M+HCOO]-	3694932	C30H48O4	9.748883
PR57852803	PR_000	PR307694,PR307707,PR307712,PR307716,PR307721,PR307726,PR309422	471.3479830409971	[M-H]-	3694932	C30H48O4	9.749042571428571
PR86028327	PR_000	PR308964	827.2656	[M-H]-	3710145	C30H52O26	1.77
PR33732829	PR_000	PR305928,PR305935,PR305942,PR305949,PR305956,PR305963,PR305970,PR305977,PR305984,PR305991,PR305998,PR306005,PR309186	475.12458552476613	[M+HCOO]-	3733033	C22H22O9	5.030154153846153
PR69721326	PR_000	PR305927,PR305934,PR305941,PR305948,PR305955,PR305962,PR305969,PR305976,PR305983,PR305990,PR305997,PR306004,PR308751	429.1191061672276	[M-H]-	3733033	C22H22O9	5.030154153846153
PR25956049	PR_000	PR304964,PR304966,PR304968,PR304970,PR304972,PR304974,PR304976,PR304978,PR304980,PR304982,PR304984,PR304986,PR308747	621.2606255210738	[M-H]-	3752085	C37H38N2O7	3.9472612307692305
PR20811823	PR_000	PR304784,PR304786,PR304788,PR304790,PR304792,PR304794,PR304796,PR304798,PR304800,PR304802,PR304804,PR304806,PR309451	427.18746013645847	[M-H]-	3753277	C23H28N2O6	4.480861230769231
PR27668955	PR_000	PR307483,PR307484,PR307485,PR307486,PR307487,PR307488,PR307489,PR307490,PR307491,PR307492,PR307493,PR307494,PR309319,PR309320	417.11899858385414	[M-H]-	3794292	C21H22O9	4.146500000000001
PR45302619	PR_000	PR304822,PR304826,PR304830,PR304833,PR304837,PR304841,PR304845,PR304849,PR304853,PR304857,PR304861,PR304865,PR308859	307.14520133645846	[M-H]-	3803978	C19H20N2O2	3.3908769230769233
PR89870816	PR_000	PR305018,PR305020,PR305022,PR305024,PR305026,PR305028,PR305030,PR305032,PR305034,PR305036,PR305038,PR305040,PR308891	708.3964498595354	[M-H]-	3818601	C37H59NO12	4.640353538461539
PR46963822	PR_000	PR305384,PR305386,PR305388,PR305390,PR305392,PR305394,PR305396,PR305398,PR305400,PR305402,PR305404,PR305406,PR308710	1265.6171861709201	[M+HCOO]-	3874518	C59H96O26	5.389538461538461
PR21808189	PR_000	PR305383,PR305385,PR305387,PR305389,PR305391,PR305393,PR305395,PR305397,PR305399,PR305401,PR305403,PR305405,PR308707	1219.6117068133815	[M-H]-	3874518	C59H96O26	5.389538461538461
PR98647346	PR_000	PR308229,PR308232,PR308235,PR308237,PR308240,PR308243,PR308246,PR308249,PR308252,PR308255,PR308258,PR308261,PR308720	353.1030617056892	[M-H]-	3935161	C20H18O6	8.457600000000003
PR61605493	PR_000	PR308168,PR308169,PR308170,PR308171,PR308172,PR308173,PR308174,PR308175,PR308176,PR308177,PR308178,PR308179,PR308847	287.140116351843	[M-H]-	3945661	C16H20N2O3	6.208061538461537
PR22303397	PR_000	PR305092,PR305094,PR305098,PR305102,PR305104,PR305107,PR308982	896.5013090158543	[M+HCOO]-	4115417	C45H73NO14	5.010428571428571
PR45660648	PR_000	PR305091,PR305093,PR305095,PR305096,PR305097,PR305099,PR305100,PR305101,PR305103,PR305105,PR305106,PR309423	850.4958295855108	[M-H]-	4115417	C45H73NO14	5.010458333333333
PR43908888	PR_000	PR309184,PR309185	461.10855000000004	[M+HCOO]-	4183640	C21H20O9	4.79
PR92328482	PR_000	PR308204,PR308206,PR308208,PR308210,PR308212,PR308214,PR308216,PR308218,PR308220,PR308222,PR308224,PR308226,PR308849	321.1244662595353	[M-H]-	4255608	C19H18N2O3	6.348723384615384
PR50103152	PR_000	PR306078,PR306084,PR306090,PR306096,PR306102,PR306108,PR306114,PR306120,PR306126,PR306132,PR306137,PR306143,PR308795	595.166843551843	[M-H]-	4278576	C27H32O15	4.035723384615385
PR06016926	PR_000	PR308963	711.217	[M+HCOO]-	4287569	C24H42O21	1.69
PR68079161	PR_000	PR308962	665.2125	[M-H]-	4287569	C24H42O21	1.69
PR78052387	PR_000	PR309192	375.1283	[M-H]-	4430509	C16H24O10	2.77
PR13781763	PR_000	PR305693,PR305700,PR305707,PR305714,PR305721,PR305734,PR305741,PR305748,PR305761,PR305768,PR308780	639.1930587743909	[M+HCOO]-	4463283	C28H34O14	5.421697272727273
PR15702320	PR_000	PR305692,PR305699,PR305706,PR305713,PR305720,PR305727,PR305733,PR305740,PR305747,PR305754,PR305760,PR305767,PR308778	593.1875793979971	[M-H]-	4463283	C28H34O14	5.421723384615385
PR86389256	PR_000	PR307126,PR307128,PR307130,PR307132,PR307134,PR307135,PR307137,PR307139,PR307141,PR307143,PR307145,PR307147,PR309285	431.09837032107373	[M-H]-	4475102	C21H20O10	3.945876615384615
PR98154511	PR_000	PR309206	450.0577	[M-H]-	4479687	C13H25NO10S3	1.93
PR31320227	PR_000	PR307172,PR307176,PR307180,PR307184,PR307187,PR307191,PR307195,PR307199,PR307203,PR307207,PR307211,PR307215,PR309205	420.04621847492	[M-H]-	4479893	C12H23NO9S3	2.8735999999999993
PR89404751	PR_000	PR309204	436.0397	[M-H]-	4479912	C12H23NO10S3	1.74
PR40733423	PR_000	PR309217	477.064	[M-H]-	4480094	C17H22N2O10S2	4.02
PR00441188	PR_000	PR307256,PR307257,PR307258,PR307259,PR307260,PR307261,PR307262,PR307263,PR307264,PR307265,PR307266,PR307267,PR308762	388.0377616133815	[M-H]-	4480096	C11H19NO10S2	1.7685073846153847
PR02564251	PR_000	PR309385	372.0929	[M-H]-	4480305	C15H19NO10	3.51
PR23492753	PR_000	PR309339,PR309340	387.1653	[M-H]-	4480898	C18H28O9	3.34
PR08823235	PR_000	PR307804,PR307809,PR307814,PR307819,PR307824,PR307829,PR307834,PR307839,PR307844,PR307848,PR307853,PR307857,PR308826	481.11402041338147	[M-H]-	4481797	C25H22O10	4.955584923076922
PR57215211	PR_000	PR308916	857.4506	[M+HCOO]-	4483255	C42H68O15	6.99
PR62686578	PR_000	PR305340,PR305341,PR305343,PR305345,PR305347,PR305349,PR305351,PR305354,PR305355,PR305357,PR305359,PR308680	845.4904098641774	[M+HCOO]-	4483443	C42H72O14	5.937234416666666
PR91716099	PR_000	PR305339,PR305342,PR305344,PR305346,PR305348,PR305350,PR305352,PR305353,PR305356,PR305358,PR308672	799.4849304980272	[M-H]-	4483443	C42H72O14	5.937257272727272
PR28964204	PR_000	PR307693,PR307698,PR307702,PR307706,PR307711,PR307715,PR307720,PR307725,PR307730,PR307733,PR307737,PR307741,PR308438,PR308443,PR308448,PR308457,PR308464,PR308468,PR308474,PR308482,PR308487,PR308695	825.4641953722013	[M+HCOO]-	4483645	C42H68O13	7.596733454545457
PR20331331	PR_000	PR307692,PR307697,PR307701,PR307705,PR307710,PR307714,PR307719,PR307724,PR307729,PR307732,PR307736,PR307740,PR308437,PR308442,PR308447,PR308452,PR308456,PR308461,PR308463,PR308467,PR308473,PR308478,PR308481,PR308486,PR308692	779.4587160139168	[M-H]-	4483645	C42H68O13	7.677167359999999
PR78547967	PR_000	PR308434,PR308440,PR308454,PR308470,PR308484,PR308701	971.5221032931917	[M+HCOO]-	4483646	C48H78O17	6.299514166666666
PR65606615	PR_000	PR308433,PR308439,PR308444,PR308449,PR308453,PR308458,PR308462,PR308465,PR308469,PR308475,PR308479,PR308483,PR308698	925.5166242903045	[M-H]-	4483646	C48H78O17	6.2994618461538465
PR92901474	PR_000	PR309375	341.0871	[M-H]-	4484225	C15H18O9	2.67
PR65920521	PR_000	PR309177	579.209	[M-H]-	4486984	C28H36O13	4.4
PR93949619	PR_000	PR309193	359.1326	[M-H]-	4490284	C16H24O9	3.97
PR99239107	PR_000	PR309055	299.0776	[M-H]-	4596190	C13H16O8	3.02
PR42642934	PR_000	PR308263,PR308265,PR308267,PR308269,PR308271,PR308273,PR308275,PR308277,PR308279,PR308281,PR308283,PR308285,PR308850	360.1353646595354	[M-H]-	4604444	C21H19N3O3	6.190584307692308
PR21448114	PR_000	PR309053	331.0649	[M-H]-	4628122	C13H16O10	2.32
PR76299373	PR_000	PR309003,PR309004	385.11339999999996	[M-H]-	4628123	C17H22O10	3.44
PR11415283	PR_000	PR309020	367.102	[M-H]-	4635494	C17H20O9	3.74
PR82876763	PR_000	PR306491,PR306500,PR306505,PR306510,PR306519,PR306524,PR306529,PR306534,PR306539,PR306544,PR309297	593.151193498027	[M-H]-	4636593	C27H30O15	3.5313481818181818
PR02585080	PR_000	PR309416	299.1115	[M-H]-	4961358	C14H20O7	2.8
PR35742309	PR_000	PR308974	933.4686	[M+HCOO]-	4979367	C44H72O18	4.47
PR24174048	PR_000	PR308973	887.4641	[M-H]-	4979367	C44H72O18	4.47
PR15513328	PR_000	PR309372	543.1973	[M+HCOO]-	5015264	C26H30N2O8	5.58
PR44987258	PR_000	PR309371	497.1917	[M-H]-	5015264	C26H30N2O8	5.58
PR49389121	PR_000	PR309407	309.1088	[M-H]-	5056755	C14H18N2O6	2.36
PR78685142	PR_000	PR305849,PR305856,PR305863,PR305869,PR305875,PR305882,PR305900,PR305907,PR305914,PR305920,PR308811	465.1402356834817	[M+HCOO]-	5080434	C21H24O9	4.8464090909090904
PR60561563	PR_000	PR305848,PR305855,PR305862,PR305868,PR305874,PR305881,PR305888,PR305894,PR305899,PR305906,PR305913,PR305919,PR308810	419.1347562595354	[M-H]-	5080434	C21H24O9	4.846353846153845
PR80127173	PR_000	PR308336,PR308340,PR308346,PR308352,PR308360,PR308370,PR308380,PR308389,PR308928	987.5170187127377	[M+HCOO]-	5087640	C48H78O18	7.117022222222222
PR10910848	PR_000	PR308335,PR308339,PR308345,PR308351,PR308357,PR308359,PR308365,PR308369,PR308375,PR308379,PR308384,PR308388,PR308927	941.511539305689	[M-H]-	5087640	C48H78O18	7.116907692307691
PR73262069	PR_000	PR308912	793.4382	[M-H]-	5087641	C42H66O14	7.83
PR87390004	PR_000	PR305929,PR305936,PR305943,PR305950,PR305957,PR305964,PR305971,PR305978,PR305985,PR305992,PR305999,PR306006	285.07684714783	[M-H]-	5118250	C16H14O5	7.453033000000001
PR33923940	PR_000	PR309312	319.0459	[M-H]-	5153580	C15H12O8	3.64
PR55350984	PR_000	PR308101,PR308102,PR308104,PR308106,PR308108,PR308109,PR308111,PR308113,PR308115,PR308117,PR308119,PR308120	273.12446594782995	[M-H]-	5165230	C15H18N2O3	5.592849999999999
PR82643139	PR_000	PR309115	169.0859	[M-H]-	5182942	C9H14O3	6.61
PR50961432	PR_000	PR309405	289.0813	[M-H]-	5199636	C14H14N2O5	4.35
PR69677238	PR_000	PR306494,PR306498,PR306503,PR306508,PR306513,PR306517,PR306522,PR306527,PR306532,PR306537,PR306542,PR306547,PR309221	301.0353765364584	[M-H]-	5280343	C15H10O7	5.374123384615386
PR70161620	PR_000	PR305637,PR305642,PR305647,PR305652,PR305656,PR305661,PR305665,PR305670,PR305675,PR305680,PR305684,PR305688,PR309428	283.0611972749199	[M-H]-	5280373	C16H12O5	7.613722769230771
PR61818531	PR_000	PR306495,PR306499,PR306504,PR306509,PR306514,PR306518,PR306523,PR306528,PR306533,PR306538,PR306543,PR306548,PR309182	267.0662822595354	[M-H]-	5280378	C16H12O4	6.672199692307691
PR73228950	PR_000	PR305695,PR305702,PR305709,PR305716,PR305723,PR305729,PR305736,PR305743,PR305750,PR305756,PR305763,PR305770,PR308786,PR309269	283.06104032671135	[M-H]-	5280442	C16H12O5	7.242200285714285
PR79132148	PR_000	PR306621,PR306625,PR306630,PR306635,PR306640,PR306645,PR306650,PR306655,PR306660,PR306665,PR306670,PR306675,PR309268	269.0455471826124	[M-H]-	5280443	C15H10O5	5.890184615384616
PR38105797	PR_000	PR305851,PR305858,PR305864,PR305870,PR305877,PR305884,PR305890,PR305895,PR305902,PR305909,PR305915,PR305922	285.04046154783003	[M-H]-	5280445	C15H10O6	6.024349999999999
PR56009876	PR_000	PR306834,PR306838,PR306843,PR306848,PR306853,PR306858,PR306863,PR306868,PR306873,PR306878,PR306883,PR306887,PR309347,PR309348	191.03491906956853	[M-H]-	5280460	C10H8O4	4.194971428571429
PR23526325	PR_000	PR306726,PR306733,PR306740,PR306747,PR306754,PR306761,PR306768,PR306781,PR306788,PR306795,PR306802,PR309356	177.0193320605108	[M-H]-	5280569	C9H6O4	3.6381666666666663
PR11262410	PR_000	PR306010,PR306016,PR306022,PR306028,PR306034,PR306040,PR306046,PR306052,PR306057,PR306063,PR306069,PR306075,PR309273,PR309437	431.0983081552827	[M-H]-	5280704	C21H20O10	4.429243142857144
PR77323387	PR_000	PR305777,PR305784,PR305789,PR305795,PR305802,PR305808,PR305814,PR305819,PR305826,PR305833,PR305839,PR305844,PR309220	285.0404614287662	[M-H]-	5280863	C15H10O6	5.996984923076923
PR14653834	PR_000	PR304872,PR304874,PR304876,PR304878,PR304880,PR304882,PR304884,PR304886,PR304888,PR304890,PR304892,PR305221,PR305222,PR305223,PR305224,PR305225,PR305226,PR305227,PR305228,PR305229,PR305230,PR305231,PR305232,PR308856	211.08768669167043	[M-H]-	5280953	C13H12N2O	4.0777020833333335
PR14181881	PR_000	PR305451,PR305458,PR305464,PR305469,PR305476,PR305483,PR305489,PR305495,PR305502,PR305509,PR305516,PR305522	269.0455469478301	[M-H]-	5280961	C15H10O5	5.922117
PR78638255	PR_000	PR304963,PR304965,PR304967,PR304969,PR304971,PR304973,PR304975,PR304977,PR304979,PR304981,PR304983,PR304985,PR305156,PR305159,PR305161,PR305164,PR305167,PR305170,PR305172,PR305175,PR305177,PR305179,PR305181,PR308852	181.07712177083704	[M-H]-	5281404	C12H10N2	3.689352625
PR97554636	PR_000	PR306806,PR306808,PR306810,PR306812,PR306814,PR306816,PR306818,PR306820,PR306822,PR306824,PR306826,PR306828,PR309355	177.01933207491996	[M-H]-	5281416	C9H6O4	2.86666123076923
PR99847276	PR_000	PR309354	161.0226	[M-H]-	5281426	C9H6O3	3.64
PR92561604	PR_000	PR307462,PR307463,PR307464,PR307465,PR307466,PR307467,PR307468,PR307469,PR307470,PR307471,PR307472,PR308785	269.04554720217754	[M-H]-	5281605	C15H10O5	6.373086416666667
PR81457225	PR_000	PR307094,PR307097,PR307099,PR307101,PR307104,PR307107,PR307110,PR307112,PR307115,PR307118,PR307121,PR307124,PR309436	253.0506321672277	[M-H]-	5281607	C15H10O4	7.375508307692308
PR46977304	PR_000	PR309270	299.0558	[M-H]-	5281612	C16H12O6	6.78
PR21610117	PR_000	PR305452,PR305459,PR305465,PR305470,PR305477,PR305484,PR305490,PR305496,PR305503,PR305510,PR305517,PR305523,PR309223	315.05102653645855	[M-H]-	5281654	C16H12O7	6.140569538461539
PR49647483	PR_000	PR306435,PR306440,PR306445,PR306450,PR306455,PR306460,PR306465,PR306470,PR306475,PR306480,PR306485,PR306490,PR309222,PR309431	299.05611141242576	[M-H]-	5281666	C16H12O6	7.434328571428571
PR08794411	PR_000	PR305571,PR305584,PR305596,PR305602,PR305607,PR305619,PR305626	317.03029084783003	[M-H]-	5281672	C15H10O8	4.661467000000001
PR01618147	PR_000	PR307444,PR307445,PR307446,PR307447,PR307448,PR307449,PR307450,PR307451,PR307452,PR307453,PR307454,PR307455,PR308792	283.0611972749199	[M-H]-	5281703	C16H12O5	7.2776000000000005
PR92701952	PR_000	PR306284,PR306291,PR306298,PR306305,PR306311,PR306318,PR306324,PR306331,PR306338,PR306345,PR306352,PR306359,PR309180,PR309181	253.0505155838543	[M-H]-	5281708	C15H10O4	5.212485428571429
PR65119284	PR_000	PR309033	353.1014	[M-H]-	5281789	C20H18O6	6.29
PR57012941	PR_000	PR307523,PR307529,PR307535,PR307541,PR307547,PR307553,PR307559,PR307564,PR307569,PR307575,PR307581,PR307587	299.05611164783005	[M-H]-	5281811	C16H12O6	5.961267
PR46561223	PR_000	PR309032	337.1078	[M-H]-	5281814	C20H18O5	6.8
PR46997445	PR_000	PR309224	331.0448	[M-H]-	5282154	C16H12O8	5.37
PR90105671	PR_000	PR305563,PR305569,PR305576,PR305582,PR305588,PR305594,PR305600,PR305606,PR305612,PR305617,PR305624,PR305631	447.0932850478302	[M-H]-	5291488	C21H20O11	4.068067
PR74293841	PR_000	PR306363,PR306369,PR306375,PR306381,PR306387,PR306392,PR306397,PR306403,PR306409,PR306414,PR306420,PR306426,PR309250	609.1461085672275	[M-H]-	5293655	C27H30O16	3.8621849230769225
PR36613899	PR_000	PR309380	551.0971	[M-H]-	5315459	C31H20O10	6.08
PR19627883	PR_000	PR306366,PR306372,PR306378,PR306384,PR306400,PR306406,PR306417,PR306423,PR306429,PR309439	637.177408696647	[M+HCOO]-	5317385	C28H32O14	5.2682153
PR13376625	PR_000	PR306365,PR306371,PR306377,PR306383,PR306389,PR306394,PR306399,PR306405,PR306411,PR306416,PR306422,PR306428,PR308787	591.1719293056892	[M-H]-	5317385	C28H32O14	5.268169538461539
PR77042209	PR_000	PR309031	351.1218	[M-H]-	5317478	C21H20O5	8.02
PR06316273	PR_000	PR309183	283.0601	[M-H]-	5317750	C16H12O5	5.31
PR86855224	PR_000	PR309035	367.116	[M-H]-	5317756	C21H20O6	8.55
PR61839974	PR_000	PR307432,PR307433,PR307434,PR307435,PR307436,PR307437,PR307438,PR307439,PR307440,PR307441,PR307442,PR307443,PR308801	221.04554718261232	[M-H]-	5318565	C11H10O5	4.277815076923077
PR80109228	PR_000	PR307639,PR307642,PR307644,PR307646,PR307649,PR307652,PR307655,PR307660,PR307665,PR308725	721.2349230636001	[M+HCOO]-	5318997	C33H40O15	5.4268797
PR30662220	PR_000	PR305042,PR305046,PR305050,PR305054,PR305058,PR305062,PR305067,PR305074,PR305078,PR305083,PR305087,PR308853	195.09277178551085	[M-H]-	5324325	C13H12N2	3.998075
PR67884546	PR_000	PR306831,PR306836,PR306840,PR306845,PR306850,PR306855,PR306860,PR306865,PR306870,PR306875,PR306880,PR306885,PR309349	339.0721559826124	[M-H]-	5351506	C15H16O9	2.871645846153846
PR24264706	PR_000	PR305561,PR305567,PR305574,PR305580,PR305586,PR305592,PR305598,PR305604,PR305610,PR305615,PR305622,PR305629,PR309261,PR309435	739.2091165552829	[M-H]-	5351997	C33H40O19	3.5523285714285717
PR03618435	PR_000	PR306212,PR306218,PR306224,PR306230,PR306236,PR306242,PR306248,PR306254,PR306260,PR306266,PR306272,PR306278,PR309440	607.166843551843	[M-H]-	5353588	C28H32O15	4.409630769230769
PR06354442	PR_000	PR305633,PR305638,PR305643,PR305648,PR305653,PR305657,PR305662,PR305666,PR305671,PR305676,PR305681,PR305685,PR309228	447.0932785056894	[M-H]-	5353915	C21H20O11	4.391292307692309
PR35001824	PR_000	PR306552,PR306558,PR306564,PR306570,PR306576,PR306582,PR306588,PR306604,PR308753	491.11949977940446	[M+HCOO]-	5358913	C22H22O10	5.755570666666666
PR67792391	PR_000	PR306551,PR306557,PR306563,PR306569,PR306575,PR306581,PR306587,PR306593,PR306598,PR306603,PR306609,PR306614,PR308752	445.1140204133816	[M-H]-	5358913	C22H22O10	5.755400307692308
PR25365479	PR_000	PR306210,PR306216,PR306222,PR306228,PR306234,PR306240,PR306246,PR306252,PR306258,PR306264,PR306270,PR306276	431.09837034782987	[M-H]-	5378180	C21H20O10	3.964416999999999
PR91504089	PR_000	PR309276	461.1089	[M-H]-	5378562	C22H22O11	4.28
PR34579431	PR_000	PR306431,PR306436,PR306441,PR306446,PR306451,PR306456,PR306461,PR306466,PR306471,PR306476,PR306481,PR306486,PR306492,PR306496,PR306501,PR306506,PR306511,PR306515,PR306520,PR306525,PR306530,PR306535,PR306540,PR306545,PR309229,PR309230	463.0881689056891	[M-H]-	5378597	C21H20O12	4.008500153846153
PR36380899	PR_000	PR309272	329.067	[M-H]-	5380905	C17H14O7	4.91
PR42178644	PR_000	PR305772,PR305779,PR305786,PR305791,PR305797,PR305804,PR305810,PR305816,PR305821,PR305828,PR305835,PR305841,PR309287	447.0932846595355	[M-H]-	5382105	C21H20O11	3.703507692307693
PR89795379	PR_000	PR305771,PR305778,PR305785,PR305790,PR305796,PR305803,PR305809,PR305815,PR305820,PR305827,PR305834,PR305840,PR309429	415.10345607492	[M-H]-	5385074	C21H20O9	3.2688923076923078
PR02162738	PR_000	PR305847,PR305854,PR305861,PR305867,PR305873,PR305880,PR305887,PR305893,PR305898,PR305905,PR305912,PR305918	577.15627914783	[M-H]-	5459217	C27H30O14	4.342399999999999
PR85604130	PR_000	PR305448,PR305455,PR305461,PR305467,PR305473,PR305480,PR305486,PR305492,PR305499,PR305506,PR305513,PR305519,PR309227	447.0932846595355	[M-H]-	5462193	C21H20O11	4.30772276923077
PR18299867	PR_000	PR306286,PR306293,PR306300,PR306313,PR306326,PR306333,PR306340,PR306347,PR306354,PR306361,PR308789	637.1774086834819	[M+HCOO]-	5480901	C28H32O14	5.199379090909091
PR27345173	PR_000	PR306285,PR306292,PR306299,PR306306,PR306312,PR306319,PR306325,PR306332,PR306339,PR306346,PR306353,PR306360,PR309438	591.1719293056892	[M-H]-	5480901	C28H32O14	5.199369538461538
PR28527037	PR_000	PR306077,PR306083,PR306089,PR306095,PR306101,PR306107,PR306113,PR306119,PR306125,PR306131,PR306136,PR306142,PR309242	577.1562792133816	[M-H]-	5486199	C27H30O14	3.9526150769230766
PR54927207	PR_000	PR306080,PR306086,PR306092,PR306098,PR306104,PR306110,PR306116,PR306122,PR306128,PR306133,PR306139,PR306145	431.09837034782987	[M-H]-	5835713	C21H20O10	4.714167000000001
PR07358784	PR_000	PR309280	563.1399	[M-H]-	5840046	C26H28O14	4.71
PR60004221	PR_000	PR309279	533.0933	[M-H]-	5858132	C24H22O14	4.58
PR34516487	PR_000	PR309259	741.1867	[M-H]-	5859848	C32H38O20	3.65
PR94175379	PR_000	PR306148,PR306153,PR306158,PR306163,PR306168,PR306173,PR306178,PR306183,PR306188,PR306193,PR306198,PR306203,PR309292	577.1562499826123	[M-H]-	5874704	C27H30O14	3.911892307692308
PR09762775	PR_000	PR306727,PR306734,PR306741,PR306748,PR306755,PR306762,PR306769,PR306775,PR306782,PR306789,PR306796,PR306803,PR308772	433.07763456722773	[M-H]-	5878729	C20H18O11	4.164400307692308
PR43315346	PR_000	PR306432,PR306437,PR306442,PR306447,PR306452,PR306457,PR306462,PR306467,PR306472,PR306477,PR306482,PR306487,PR309246	593.1511935518429	[M-H]-	5883291	C27H30O15	4.099153538461539
PR50521028	PR_000	PR306724,PR306731,PR306738,PR306745,PR306752,PR306759,PR306766,PR306773,PR306779,PR306786,PR306793,PR306800,PR309434	639.1566728615386	[M-H]-	5901757	C28H32O17	3.229415692307692
PR57818469	PR_000	PR305450,PR305457,PR305463,PR305468,PR305475,PR305482,PR305488,PR305494,PR305501,PR305508,PR305515,PR305521,PR309233,PR309432	479.0831057838542	[M-H]-	5949214	C21H20O13	4.609000285714285
PR32376581	PR_000	PR305447,PR305454,PR305460,PR305466,PR305472,PR305479,PR305485,PR305491,PR305498,PR305505,PR305512,PR305518,PR306927,PR306936,PR306941,PR306946,PR306951,PR306956,PR306961,PR306966,PR306971,PR306976,PR306981,PR309255	623.1617586083372	[M-H]-	6223069	C28H32O16	4.1825270833333335
PR30835973	PR_000	PR305524,PR305527,PR305530,PR305533,PR305536,PR305539,PR305542,PR305545,PR305548,PR305551,PR305554,PR305557,PR307148,PR307150,PR307152,PR307154,PR307155,PR307157,PR307159,PR307161,PR307163,PR307165,PR307167,PR307169,PR309286	447.0932848459168	[M-H]-	6426860	C21H20O11	3.5885839999999996
PR14249106	PR_000	PR307217,PR307219,PR307220,PR307222,PR307224,PR307225,PR307227,PR307229,PR307231,PR308767	218.06788004304696	[M-H]-	9837367	C9H17NOS2	5.407210000000001
PR70091752	PR_000	PR309408	291.1346	[M-H]-	9943917	C15H20N2O4	2.89
PR32267665	PR_000	PR309271	313.0702	[M-H]-	9972910	C17H14O6	5.72
PR37700474	PR_000	PR307041,PR307043,PR307045,PR307047,PR307048,PR307050,PR307052,PR307053,PR307055,PR307057,PR307059,PR307060,PR309299,PR309300	563.1406056981399	[M-H]-	10053626	C26H28O14	3.540042571428571
PR99254320	PR_000	PR306007,PR306013,PR306019,PR306025,PR306031,PR306037,PR306043,PR306049,PR306054,PR306060,PR306066,PR306072,PR309378,PR309379	577.1350784409971	[M-H]-	11250133	C30H26O12	2.8524857142857143
PR52664693	PR_000	PR309046	323.1274	[M-H]-	11609510	C20H20O4	8.93
PR79227730	PR_000	PR309039	355.1176	[M-H]-	11725803	C20H20O6	7.76
PR01105388	PR_000	PR306677,PR306681,PR306685,PR306692,PR306696,PR306700,PR306704,PR306708,PR306712,PR306716,PR306720,PR308775	477.06746380217754	[M-H]-	12004528	C21H18O13	4.013238583333334
PR44351990	PR_000	PR308952	136.9729	[M-H]-	12302099	C3H6O2S2	1.95
PR59688319	PR_000	PR308970	750.4464	[M+HCOO]-	12302820	C39H63NO10	5.01
PR82854754	PR_000	PR307691,PR307696,PR307700,PR307704,PR307709,PR307718,PR307723,PR307728,PR307735,PR307739,PR308699	955.4908034071182	[M-H]-	12302914	C48H76O19	6.188439090909091
PR98713176	PR_000	PR305690,PR305697,PR305704,PR305711,PR305718,PR305725,PR305731,PR305738,PR305745,PR305752,PR305758,PR305765,PR309275	447.0932846595355	[M-H]-	12304737	C21H20O11	4.467230769230769
PR16564816	PR_000	PR306008,PR306014,PR306020,PR306026,PR306032,PR306038,PR306044,PR306050,PR306055,PR306061,PR306067,PR306073,PR309318	449.1089354287661	[M-H]-	12309901	C21H22O11	3.4825227692307696
PR89762723	PR_000	PR306807,PR306809,PR306811,PR306813,PR306815,PR306817,PR306819,PR306821,PR306823,PR306825,PR306827,PR306829,PR309232	479.0831139210738	[M-H]-	12311099	C21H20O13	3.6373230769230784
PR36436822	PR_000	PR306617,PR306622,PR306626,PR306631,PR306636,PR306641,PR306646,PR306651,PR306656,PR306661,PR306666,PR306671,PR309245	593.151109705689	[M-H]-	12313332	C27H30O15	4.1406153846153835
PR39876959	PR_000	PR308034,PR308036,PR308038,PR308040,PR308043,PR308045,PR308047,PR308049,PR308051,PR308053,PR308055,PR308745	579.2083143558441	[M+HCOO]-	12314162	C27H34O11	5.128273916666667
PR54390721	PR_000	PR308033,PR308035,PR308037,PR308039,PR308041,PR308042,PR308044,PR308046,PR308048,PR308050,PR308052,PR308054,PR308743	533.2028357979968	[M-H]-	12314162	C27H34O11	5.128261846153847
PR33968732	PR_000	PR306549,PR306555,PR306561,PR306567,PR306573,PR306579,PR306585,PR306591,PR306596,PR306601,PR306607,PR306612,PR309231	463.0881996749201	[M-H]-	12442954	C21H20O12	4.482046461538461
PR30026325	PR_000	PR308494,PR308499,PR308509,PR308513,PR308517,PR308521,PR308525,PR308529,PR308677	829.4954957794045	[M+HCOO]-	12831933	C42H72O13	7.6568586666666665
PR89013391	PR_000	PR308490,PR308493,PR308496,PR308498,PR308502,PR308505,PR308508,PR308512,PR308516,PR308520,PR308524,PR308528,PR308669	783.4900162595354	[M-H]-	12831933	C42H72O13	7.6567378461538445
PR62635047	PR_000	PR308392,PR308398,PR308402,PR308406,PR308410,PR308414,PR308422,PR308662	683.4375868535001	[M+HCOO]-	12855917	C36H62O9	6.292552375
PR29156229	PR_000	PR308436,PR308441,PR308446,PR308451,PR308455,PR308460,PR308472,PR308477,PR308663	683.437586846071	[M+HCOO]-	12855923	C36H62O9	6.594340444444445
PR20921644	PR_000	PR308435,PR308445,PR308450,PR308459,PR308466,PR308471,PR308476,PR308480,PR308485,PR308659	637.4321074330469	[M-H]-	12855923	C36H62O9	6.5943947000000005
PR44053964	PR_000	PR308535,PR308552,PR308559,PR308566,PR308572,PR308578,PR308591,PR308598,PR308604,PR308607,PR308618,PR308623,PR308628,PR308633,PR308637,PR308641,PR308646,PR308650,PR308678	829.4954955017333	[M+HCOO]-	12901617	C42H72O13	8.248821210526316
PR39233787	PR_000	PR308534,PR308541,PR308546,PR308551,PR308558,PR308565,PR308571,PR308577,PR308584,PR308590,PR308597,PR308603,PR308606,PR308610,PR308614,PR308617,PR308622,PR308627,PR308632,PR308636,PR308640,PR308645,PR308649,PR308654,PR308670	783.4900161099167	[M-H]-	12901617	C42H72O13	8.24947216
PR07250668	PR_000	PR305361,PR305363,PR305365,PR305367,PR305369,PR305371,PR305373,PR305375,PR305377,PR305378,PR305380,PR305382,PR308676	829.4954956170737	[M+HCOO]-	12912318	C42H72O13	6.251476923076922
PR93005031	PR_000	PR305360,PR305362,PR305364,PR305366,PR305368,PR305370,PR305372,PR305374,PR305376,PR305379,PR305381,PR308668	783.4900162855109	[M-H]-	12912318	C42H72O13	6.251466666666666
PR85035700	PR_000	PR306618,PR306623,PR306627,PR306632,PR306637,PR306642,PR306647,PR306652,PR306657,PR306662,PR306667,PR306672	477.10384964783015	[M-H]-	13245586	C22H22O12	4.377133
PR14660281	PR_000	PR306150,PR306155,PR306160,PR306165,PR306170,PR306175,PR306180,PR306185,PR306190,PR306195,PR306200,PR306205,PR309235	449.1089354287661	[M-H]-	13254471	C21H22O11	4.08443076923077
PR53424996	PR_000	PR308919	957.5103	[M+HCOO]-	13326381	C47H76O17	7.28
PR76110551	PR_000	PR308918	911.5021	[M-H]-	13326381	C47H76O17	7.28
PR92769914	PR_000	PR308915	795.4575	[M-H]-	13326389	C42H68O14	7.31
PR74489158	PR_000	PR304640,PR304643,PR304646,PR304649,PR304652,PR304655,PR304658,PR304661,PR304664,PR304667,PR304670,PR304673,PR308867	351.1714164441507	[M-H]-	13376715	C21H24N2O3	4.255599692307691
PR95277833	PR_000	PR308910	807.4175	[M-H]-	13457498	C42H64O15	6.45
PR26687541	PR_000	PR308901	679.4086	[M+HCOO]-	13518138	C36H58O9	8.43
PR61788087	PR_000	PR307125,PR307127,PR307129,PR307131,PR307133,PR307136,PR307138,PR307140,PR307142,PR307144,PR307146,PR309249,PR309251	609.146269455856	[M-H]-	13647412	C27H30O16	3.825914384615385
PR24260999	PR_000	PR308899	663.3735	[M-H]-	13732714	C36H56O11	7.27
PR64357283	PR_000	PR306725,PR306732,PR306739,PR306746,PR306753,PR306760,PR306767,PR306774,PR306780,PR306787,PR306794,PR306801,PR309382	865.1985381056892	[M-H]-	13751990	C45H38O18	3.463200307692308
PR15254511	PR_000	PR309066	243.1716	[M-H]-	13879965	C12H24N2O3	3.44
PR34251441	PR_000	PR306009,PR306015,PR306021,PR306027,PR306033,PR306039,PR306045,PR306051,PR306056,PR306062,PR306068,PR306074,PR309240	595.1304584749201	[M-H]-	13887800	C26H28O16	3.6959689230769235
PR25908353	PR_000	PR309419	461.1654	[M+HCOO]-	13893574	C19H28O10	3.5
PR37531286	PR_000	PR309069	263.07	[M-H]-	13894650	C9H16N2O5S	2.01
PR15557982	PR_000	PR306151,PR306156,PR306161,PR306166,PR306171,PR306176,PR306181,PR306186,PR306191,PR306196,PR306201,PR306206,PR309226	431.09837032107373	[M-H]-	13940823	C21H20O10	5.26867723076923
PR38078298	PR_000	PR309265	771.1966	[M-H]-	13942388	C33H40O21	3.42
PR41429481	PR_000	PR309278	491.1197	[M-H]-	13984469	C23H24O12	4.17
PR98969093	PR_000	PR309120	393.0782	[M-H]-	14018120	C11H23O13P	1.91
PR77612996	PR_000	PR308900	695.4001	[M+HCOO]-	14031162	C36H58O10	7.26
PR59226090	PR_000	PR305525,PR305528,PR305531,PR305534,PR305537,PR305540,PR305543,PR305546,PR305549,PR305552,PR305555,PR305558,PR305562,PR305568,PR305575,PR305581,PR305587,PR305593,PR305599,PR305605,PR305611,PR305616,PR305623,PR305630,PR309243	593.151193693917	[M-H]-	14035324	C27H30O15	3.6337201599999998
PR85980965	PR_000	PR309418	447.1517	[M+HCOO]-	14079044	C18H26O10	3.34
PR98602625	PR_000	PR309417	401.1446	[M-H]-	14079044	C18H26O10	3.34
PR61933153	PR_000	PR308536,PR308553,PR308560,PR308573,PR308579,PR308585,PR308592,PR308605,PR308660	667.4426716035556	[M+HCOO]-	14081290	C36H62O8	9.841926222222222
PR01978353	PR_000	PR309060	329.0883	[M-H]-	14104236	C14H18O9	2.78
PR93444569	PR_000	PR309059	329.0884	[M-H]-	14132343	C14H18O9	2.4
PR91101027	PR_000	PR309061	359.0977	[M-H]-	14132345	C15H20O10	2.56
PR16221905	PR_000	PR309236	493.0986	[M-H]-	14157911	C22H22O13	4.61
PR79723203	PR_000	PR309253	641.1357	[M-H]-	14159396	C27H30O18	3.35
PR81660789	PR_000	PR306889,PR306892,PR306895,PR306898,PR306901,PR306904,PR306907,PR306910,PR306913,PR306916,PR306919,PR306922,PR308774	461.07254963076906	[M-H]-	14185731	C21H18O12	4.343168923076922
PR09735876	PR_000	PR308940	1273.5759	[M-H]-	14186191	C61H94O28	6.55
PR35304801	PR_000	PR306833,PR306837,PR306842,PR306847,PR306852,PR306857,PR306862,PR306867,PR306872,PR306877,PR306882,PR306886,PR308782	739.2091024441507	[M-H]-	14186901	C33H40O19	3.978968923076924
PR09363515	PR_000	PR309037	339.1226	[M-H]-	14218027	C20H20O5	8.12
PR59793922	PR_000	PR307497,PR307498,PR307499,PR307500,PR307501,PR307502,PR307503,PR307504,PR307505,PR307506,PR307507,PR307508,PR308779,PR309248	609.145972240997	[M-H]-	14238625	C27H30O16	4.098185428571428
PR07087679	PR_000	PR309409	359.1248	[M-H]-	14309606	C18H20N2O6	3.97
PR92385943	PR_000	PR306283,PR306290,PR306297,PR306304,PR306310,PR306317,PR306323,PR306330,PR306337,PR306344,PR306351,PR306358,PR308788	607.166843551843	[M-H]-	14310763	C28H32O15	4.480415384615384
PR15292845	PR_000	PR307522,PR307528,PR307534,PR307540,PR307546,PR307552,PR307558,PR307563,PR307568,PR307574,PR307580,PR307586,PR309274	447.0932846595355	[M-H]-	14332446	C21H20O11	4.071553538461538
PR47226684	PR_000	PR309244	593.15119	[M-H]-	14351556	C27H30O15	3.67
PR56313422	PR_000	PR305292,PR305296,PR305300,PR305303,PR305306,PR305308,PR308709	1251.6015364444258	[M+HCOO]-	14407400	C58H94O26	5.782514
PR95559516	PR_000	PR305291,PR305293,PR305294,PR305295,PR305297,PR305298,PR305299,PR305301,PR305302,PR305304,PR305305,PR305307,PR308706	1205.5960568133817	[M-H]-	14407400	C58H94O26	5.782707384615384
PR34767692	PR_000	PR309298	533.1287	[M-H]-	14427338	C25H26O13	3.86
PR25896685	PR_000	PR309370	511.171	[M-H]-	14440700	C26H28N2O9	4.08
PR82163185	PR_000	PR308914	825.4238	[M-H]-	14447545	C42H66O16	7.03
PR18413073	PR_000	PR305689,PR305696,PR305703,PR305710,PR305717,PR305724,PR305730,PR305737,PR305744,PR305751,PR305757,PR305764,PR305773,PR305780,PR305787,PR305792,PR305798,PR305805,PR305811,PR305817,PR305822,PR305829,PR305836,PR305842,PR309433	507.1144141739171	[M-H]-	14524434	C23H24O13	4.3500001600000004
PR64056790	PR_000	PR309383	326.0875	[M-H]-	14605136	C14H17NO8	3.17
PR70034550	PR_000	PR308975,PR308976	927.4611	[M+HCOO]-	14633180	C45H70O17	7.28
PR54110114	PR_000	PR309176	583.2044	[M+HCOO]-	14681426	C26H34O12	3.4
PR87340916	PR_000	PR309239	549.0886	[M-H]-	14730813	C24H22O15	4.23
PR12235004	PR_000	PR306890,PR306893,PR306896,PR306899,PR306902,PR306905,PR306908,PR306911,PR306914,PR306917,PR306920,PR306923,PR308771	417.08272027692306	[M-H]-	14749097	C20H18O10	4.471384615384615
PR65498896	PR_000	PR308898	677.3536	[M-H]-	14779966	C36H54O12	7.26
PR62122987	PR_000	PR308933	1087.4928	[M-H]-	14779968	C52H80O24	5.84
PR61322151	PR_000	PR307747,PR307752,PR307757,PR307762,PR307767,PR307776,PR307781,PR307786,PR307791,PR307796,PR307801,PR308696	825.4641955558441	[M+HCOO]-	14798494	C42H68O13	7.10948025
PR65805892	PR_000	PR307746,PR307751,PR307756,PR307761,PR307766,PR307771,PR307775,PR307780,PR307785,PR307790,PR307795,PR307800,PR308693	779.4587161672277	[M-H]-	14798494	C42H68O13	7.109476615384614
PR42126724	PR_000	PR305019,PR305021,PR305023,PR305025,PR305027,PR305029,PR305031,PR305033,PR305035,PR305037,PR305039,PR305041,PR308818	392.0888088441508	[M-H]-	15200290	C20H15N3O6	5.862138769230769
PR36514754	PR_000	PR308611,PR308624,PR308629,PR308642,PR308651,PR308661	667.4426715033334	[M+HCOO]-	15574829	C36H62O8	9.509610833333332
PR24721869	PR_000	PR308619,PR308634	621.4371925	[M-H]-	15574829	C36H62O8	9.509533
PR81634983	PR_000	PR305634,PR305639,PR305644,PR305649,PR305654,PR305658,PR305663,PR305667,PR305672,PR305677,PR305682,PR305686,PR309237,PR309238	505.098695155283	[M-H]-	15596585	C23H22O13	4.430171428571429
PR30105192	PR_000	PR307592,PR307599,PR307603,PR307608,PR307615,PR307620,PR307625,PR307632,PR307636,PR308697	925.480239143047	[M-H]-	15602013	C47H74O18	6.3868347
PR42916777	PR_000	PR308923	939.4939	[M-H]-	15608214	C48H76O18	7.62
PR05339931	PR_000	PR308332,PR308342,PR308348,PR308354,PR308362,PR308372,PR308704	1003.5119327015685	[M+HCOO]-	15608234	C48H78O19	6.953271714285714
PR50518843	PR_000	PR308333,PR308337,PR308343,PR308349,PR308355,PR308358,PR308363,PR308367,PR308373,PR308377,PR308382,PR308386,PR308929	957.5064535518429	[M-H]-	15608234	C48H78O19	6.9535233846153846
PR96873134	PR_000	PR308904	721.4152	[M+HCOO]-	15625524	C38H60O10	8.89
PR43949092	PR_000	PR308903	675.4115	[M-H]-	15625524	C38H60O10	8.89
PR49811843	PR_000	PR307673,PR307684,PR307689	517.35346285183	[M+HCOO]-	15917996	C30H48O4	9.8846
PR11626811	PR_000	PR307667,PR307670,PR307672,PR307675,PR307677,PR307679,PR307681,PR307683,PR307686,PR307688,PR308657	471.3479832253	[M-H]-	15917996	C30H48O4	9.884181818181819
PR50128385	PR_000	PR309068	392.1125	[M-H]-	20140672	C14H23N3O8S	2.37
PR91386858	PR_000	PR309064	241.1191	[M-H]-	21405068	C11H18N2O4	3.71
PR54617653	PR_000	PR306832,PR306841,PR306846,PR306851,PR306856,PR306861,PR306866,PR306871,PR306876,PR306881,PR308773	449.0725495889364	[M-H]-	21477996	C20H18O12	3.868424545454545
PR61260275	PR_000	PR309399	563.1422	[M-H]-	21917783	C26H28O14	4.94
PR33350183	PR_000	PR305449,PR305456,PR305462,PR305474,PR305481,PR305487,PR305493,PR305500,PR305507,PR305514,PR305520	593.1511938478299	[M-H]-	22178437	C27H30O15	4.33045
PR64596046	PR_000	PR309131	189.0766	[M-H]-	22328017	C8H14O5	4.05
PR64876459	PR_000	PR306676,PR306680,PR306684,PR306688,PR306691,PR306695,PR306699,PR306703,PR306707,PR306711,PR306715,PR306719,PR309252	625.1410228133817	[M-H]-	22630387	C27H30O17	3.512661230769231
PR54993978	PR_000	PR309321	433.1119	[M-H]-	23502663	C21H22O10	3.04
PR01674990	PR_000	PR304546,PR304550,PR304554,PR304558,PR304562,PR304566,PR304570,PR304574,PR304578,PR304582,PR304586,PR304590,PR308713	511.17220373645836	[M-H]-	23757137	C26H28N2O9	3.7089079999999988
PR87688914	PR_000	PR309241	591.1342	[M-H]-	23757216	C27H28O15	4.5
PR83874720	PR_000	PR309262	755.2032	[M-H]-	23760107	C33H40O20	3.08
PR61186948	PR_000	PR309157	562.313	[M+HCOO]-	25200367	C26H48NO7P	8.75
PR42858974	PR_000	PR309151	478.2942	[M-H]-	25200684	C23H46NO7P	10.22
PR48141260	PR_000	PR309158,PR309159	564.3285000000001	[M+HCOO]-	25200694	C26H50NO7P	9.28
PR45443404	PR_000	PR308180,PR308182,PR308184,PR308186,PR308188,PR308190,PR308192,PR308194,PR308195,PR308197,PR308199,PR308201,PR308848	303.0986455210739	[M-H]-	25200809	C15H16N2O5	4.117337846153847
PR54336074	PR_000	PR309084	309.2064	[M-H]-	25200982	C18H30O4	6.77
PR46084541	PR_000	PR309387	432.1137	[M+HCOO]-	25201130	C16H21NO10	4.09
PR55784684	PR_000	PR309293	593.1502	[M-H]-	25202481	C27H30O15	4.48
PR85252889	PR_000	PR309393	253.0487	[M-H]-	44595036	C15H10O4	8.49
PR55033251	PR_000	PR309381	553.1122	[M-H]-	46841213	C31H22O10	5.59
PR83167798	PR_000	PR309083,PR309087	309.2057	[M-H]-	53394018	C18H30O4	7.970000000000001
PR51331923	PR_000	PR309079	293.2116	[M-H]-	53394275	C18H30O3	9.1
PR36314455	PR_000	PR309106	313.2381	[M-H]-	53394288	C18H34O4	8.54
PR64847358	PR_000	PR309105	313.2375	[M-H]-	53394649	C18H34O4	8.39
PR79644231	PR_000	PR309013,PR309361	337.09155	[M-H]-	53420248	C16H18O8	3.31
PR15914367	PR_000	PR306079,PR306085,PR306091,PR306097,PR306103,PR306109,PR306115,PR306121,PR306127,PR306138,PR306144,PR309444	449.1089354605108	[M-H]-	53442196	C21H22O11	4.082460333333334
PR09439761	PR_000	PR306619,PR306624,PR306628,PR306633,PR306638,PR306643,PR306648,PR306653,PR306658,PR306663,PR306668,PR306673,PR308825	447.0932846595355	[M-H]-	53442197	C21H20O11	3.996615076923077
PR09602823	PR_000	PR309051,PR309052	285.06034999999997	[M-H]-	53462251	C12H14O8	3.13
PR21393117	PR_000	PR309395	431.09837	[M-H]-	53462441	C21H20O10	5.27
PR22830339	PR_000	PR304595,PR304599,PR304603,PR304607,PR304611,PR304615,PR304621,PR304625,PR304629,PR304633,PR304637,PR308715	573.2089831605109	[M-H]-	53463172	C28H34N2O11	4.130595833333334
PR25208960	PR_000	PR309002	339.0716	[M-H]-	53779314	C15H16O9	4.23
PR14934935	PR_000	PR309082	293.2123	[M-H]-	53882399	C18H30O3	10.4
PR63647289	PR_000	PR309075	291.1945	[M-H]-	53941620	C18H28O3	9.5
PR68639132	PR_000	PR309091	311.2222	[M-H]-	54242986	C18H32O4	7.32
PR88571317	PR_000	PR309070	213.1492	[M-H]-	54281924	C12H22O3	6.47
PR24271865	PR_000	PR309047	337.143	[M-H]-	54421517	C21H22O4	8.03
PR44526793	PR_000	PR309072	265.1801	[M-H]-	54432406	C16H26O3	8.05
PR73992483	PR_000	PR309071	223.1333	[M-H]-	54469261	C13H20O3	7.25
PR51892603	PR_000	PR306679,PR306683,PR306687,PR306690,PR306694,PR306698,PR306702,PR306706,PR306710,PR306714,PR306718,PR306722,PR308784	769.2196675518431	[M-H]-	56995003	C34H42O20	4.7696612307692305
PR84756037	PR_000	PR309076,PR309077	307.19039999999995	[M-H]-	57137439	C18H28O4	7.8100000000000005
PR66171129	PR_000	PR306550,PR306556,PR306562,PR306568,PR306574,PR306580,PR306586,PR306592,PR306597,PR306602,PR306608,PR306613,PR308776	593.1300641056891	[M-H]-	57369598	C30H26O13	5.206276307692308
PR83874849	PR_000	PR309384	342.0819	[M-H]-	58114415	C14H17NO9	2.51
PR67989320	PR_000	PR309018	353.0871	[M-H]-	58427569	C16H18O9	4.6
PR13130620	PR_000	PR309065	305.08	[M-H]-	59915712	C11H18N2O6S	1.8
PR28649477	PR_000	PR309022	515.1191	[M-H]-	60150332	C25H24O12	4.4
PR13702913	PR_000	PR309045	323.1276	[M-H]-	66751582	C20H20O4	8.57
PR40954391	PR_000	PR309049	353.1387	[M-H]-	66751828	C21H22O5	7.49
PR04065615	PR_000	PR309329	443.1347	[M-H]-	67283061	C23H24O9	6.34
PR30801726	PR_000	PR308907	765.444	[M-H]-	71264311	C41H66O13	7.42
PR94989313	PR_000	PR306985,PR306989,PR306993,PR306997,PR307000,PR307004,PR307008,PR307012,PR307016,PR307020,PR307024,PR307028,PR308777	593.1300641056891	[M-H]-	71341515	C30H26O13	5.316076923076924
PR73900806	PR_000	PR309101	327.2168	[M-H]-	71342303	C18H32O5	7.85
PR42462540	PR_000	PR309357,PR309358	325.0911	[M-H]-	72727649	C15H18O8	2.9299999999999997
PR27653829	PR_000	PR309098,PR309099,PR309100	327.21663333333333	[M-H]-	72732143	C18H32O5	6.53
PR77470782	PR_000	PR309363	582.2578	[M-H]-	72739177	C34H37N3O6	5.62
PR30989117	PR_000	PR309058	347.0979	[M+HCOO]-	72744980	C13H18O8	2.65
PR13841811	PR_000	PR308948	433.2053	[M+HCOO]-	72791584	C19H32O8	3.13
PR01421918	PR_000	PR308391,PR308394,PR308397,PR308401,PR308405,PR308409,PR308413,PR308418,PR308421,PR308424,PR308428,PR308432,PR308675	815.4798454806153	[M+HCOO]-	72809424	C41H70O13	6.114523076923077
PR72733041	PR_000	PR308400,PR308408,PR308417,PR308420,PR308427,PR308431	769.4743657999999	[M-H]-	72809424	C41H70O13	6.1149
PR83350796	PR_000	PR304548,PR304552,PR304556,PR304560,PR304564,PR304568,PR304572,PR304576,PR304580,PR304584,PR304588,PR304592,PR308874	367.1663307863046	[M+HCOO]-	72811236	C20H22N2O2	4.428908000000001
PR61269686	PR_000	PR304547,PR304551,PR304555,PR304559,PR304563,PR304567,PR304571,PR304575,PR304579,PR304583,PR304587,PR304591,PR308860	321.16085142876625	[M-H]-	72811236	C20H22N2O2	4.428908000000001
PR99060954	PR_000	PR304677,PR304681,PR304685,PR304689,PR304693,PR304697,PR304701,PR304705,PR304709,PR304713,PR304716,PR304720,PR308875	369.18198078630456	[M+HCOO]-	72952949	C20H24N2O2	3.687030461538461
PR65840592	PR_000	PR304676,PR304680,PR304684,PR304688,PR304692,PR304696,PR304700,PR304704,PR304708,PR304712,PR304715,PR304719,PR308862	323.17650142876613	[M-H]-	72952949	C20H24N2O2	3.687030461538461
PR22295204	PR_000	PR309327,PR309328	355.10283	[M-H]-	72983454	C16H20O9	3.165
PR67072790	PR_000	PR309161,PR309162,PR309163,PR309165	559.31245	[M+HCOO]-	72984398	C27H46O9	9.370000000000001
PR12495124	PR_000	PR309164	513.3047	[M-H]-	72984398	C27H46O9	9.59
PR71242309	PR_000	PR308609,PR308613,PR308616,PR308621,PR308626,PR308631,PR308639,PR308644,PR308648,PR308653,PR308674	811.4849305016636	[M+HCOO]-	72985464	C42H70O12	9.627515454545454
PR44646798	PR_000	PR308608,PR308612,PR308615,PR308620,PR308625,PR308630,PR308635,PR308638,PR308643,PR308647,PR308652,PR308655,PR308666	765.4794511518431	[M-H]-	72985464	C42H70O12	9.627477230769232
PR33450354	PR_000	PR309170,PR309171,PR309172	721.3643333333333	[M+HCOO]-	73034882	C33H56O14	8.63
PR51346207	PR_000	PR309173	675.3589	[M-H]-	73034882	C33H56O14	8.75
PR38163813	PR_000	PR308331,PR308341,PR308347,PR308353,PR308361,PR308366,PR308371,PR308376,PR308381,PR308385,PR308909	837.3914236798454	[M-H]-	73157181	C42H62O17	6.3391363636363645
PR43932086	PR_000	PR309421	477.1596	[M+HCOO]-	73157713	C19H28O11	3.08
PR61695790	PR_000	PR309420	431.1551	[M-H]-	73157713	C19H28O11	3.08
PR45924599	PR_000	PR309334	819.235	[M-H]-	73157807	C38H44O20	6.05
PR96315823	PR_000	PR309362	436.2234	[M-H]-	73190496	C25H31N3O4	3.82
PR55613456	PR_000	PR309359	325.093	[M-H]-	73208527	C15H18O8	3.31
PR05277716	PR_000	PR309019,PR309021	367.10425	[M-H]-	73210496	C17H20O9	3.62
PR02761945	PR_000	PR309097	311.2221	[M-H]-	73229371	C18H32O4	9.56
PR12451758	PR_000	PR309074	305.1746	[M-H]-	73450242	C18H26O4	7.63
PR55692267	PR_000	PR309024	677.1525	[M-H]-	73606072	C34H30O15	5.29
PR46483829	PR_000	PR308951	493.2293	[M+HCOO]-	73717656	C21H36O10	5.36
PR28449801	PR_000	PR308950	447.2239	[M-H]-	73717656	C21H36O10	5.36
PR18183537	PR_000	PR309352	515.1432	[M-H]-	73797138	C22H28O14	2.84
PR82595508	PR_000	PR309301	579.1346	[M-H]-	73802481	C26H28O15	3.18
PR77088291	PR_000	PR308943	395.1905	[M+HCOO]-	73809750	C16H30O8	3.31
PR80320753	PR_000	PR308946,PR308947	415.19615	[M+HCOO]-	73815024	C19H30O7	4.505
PR69418281	PR_000	PR308949	433.2051	[M+HCOO]-	73815034	C19H32O8	3.48
PR23640158	PR_000	PR309256	655.1488	[M-H]-	73822533	C28H32O18	3.62
PR94652027	PR_000	PR309333	799.2091	[M-H]-	73829970	C38H40O19	4.19
PR50311782	PR_000	PR308959	409.0442	[M-H]-	73830851	C14H18O12S	2.3
PR06849386	PR_000	PR309006	431.1188	[M-H]-	73880679	C18H24O12	3.19
PR39557546	PR_000	PR309360	327.106	[M-H]-	73981563	C15H20O8	2.99
PR74312052	PR_000	PR308911	823.4103	[M-H]-	74029747	C42H64O16	6.15
PR69690982	PR_000	PR308985	963.4824	[M+HCOO]-	74029754	C45H74O19	4.33
PR08538051	PR_000	PR308984	917.4744	[M-H]-	74029754	C45H74O19	4.33
PR73773930	PR_000	PR309146	341.1079	[M+HCOO]-	74033878	C11H20O9	1.91
PR71135815	PR_000	PR304441,PR304445,PR304449,PR304453,PR304456,PR304460,PR304464,PR304468,PR304472,PR304476,PR304479,PR304483,PR308869	353.1870665364585	[M-H]-	74071575	C21H26N2O3	4.518968923076924
PR80255431	PR_000	PR306678,PR306682,PR306686,PR306689,PR306693,PR306697,PR306701,PR306705,PR306709,PR306713,PR306717,PR306721,PR309247	593.1511935076924	[M-H]-	74124649	C27H30O15	4.151092
PR40421092	PR_000	PR309085	309.2059	[M-H]-	74218382	C18H30O4	7.74
PR42008357	PR_000	PR305636,PR305641,PR305646,PR305651,PR305660,PR305669,PR305674,PR305679,PR308814	639.1930588016266	[M+HCOO]-	74259754	C28H34O14	5.440933333333333
PR45932434	PR_000	PR305635,PR305640,PR305645,PR305650,PR305655,PR305659,PR305664,PR305668,PR305673,PR305678,PR305683,PR305687,PR308812	593.1875793979971	[M-H]-	74259754	C28H34O14	5.44096923076923
PR62889183	PR_000	PR307904,PR307906,PR307908,PR307910,PR307912,PR307914,PR307915,PR307917,PR307919,PR307921,PR307923,PR307925,PR308749	731.2767883863046	[M+HCOO]-	74328989	C32H46O16	3.6640458461538468
PR41666424	PR_000	PR307903,PR307905,PR307907,PR307909,PR307911,PR307913,PR307916,PR307918,PR307920,PR307922,PR307924,PR308748	685.271309035511	[M-H]-	74328989	C32H46O16	3.6640177500000006
PR07985500	PR_000	PR308938	1067.5416	[M-H]-	74376401	C54H84O21	7.63
PR25566983	PR_000	PR309062	385.1198	[M+HCOO]-	74413951	C16H20O8	3.32
PR98338315	PR_000	PR309263	755.2036	[M-H]-	74428193	C33H40O20	3.61
PR75310675	PR_000	PR309344,PR309345,PR309346	407.1851	[M-H]-	74819274	C25H28O5	9.673333333333334
PR66513585	PR_000	PR309209	478.0852	[M-H]-	74960762	C15H29NO10S3	2.59
PR94898229	PR_000	PR309208	464.0702	[M-H]-	74960764	C14H27NO10S3	2.22
PR63424851	PR_000	PR309212	492.1028	[M-H]-	74960784	C16H31NO10S3	3.03
PR89416102	PR_000	PR309210	462.0931	[M-H]-	74960823	C15H29NO9S3	4.7
PR44729098	PR_000	PR309215	476.1067	[M-H]-	74960825	C16H31NO9S3	5.31
PR84495876	PR_000	PR309351	429.0825	[M-H]-	74977392	C21H18O10	4.37
PR21814397	PR_000	PR309290	563.1407	[M-H]-	74977452	C26H28O14	4.2
PR30123364	PR_000	PR309296	769.1985	[M-H]-	74977470	C37H38O18	4.22
PR59086764	PR_000	PR309281	621.1094	[M-H]-	74977517	C27H26O17	4.05
PR78676339	PR_000	PR309294	623.1613	[M-H]-	74977689	C28H32O16	3.84
PR23572285	PR_000	PR309282	651.1224	[M-H]-	74977705	C28H28O18	4.05
PR36983904	PR_000	PR309277	505.09876	[M-H]-	74977751	C23H22O13	4.45
PR98588123	PR_000	PR309257	695.1463	[M-H]-	74978040	C30H32O19	3.36
PR26837971	PR_000	PR309260	753.1854	[M-H]-	74978041	C33H38O20	3.35
PR83312572	PR_000	PR309264	771.1978	[M-H]-	74978168	C33H40O21	2.95
PR58533640	PR_000	PR307509,PR307510,PR307511,PR307512,PR307513,PR307514,PR307515,PR307516,PR307517,PR307518,PR307519,PR308783	755.1828880271775	[M-H]-	74978212	C36H36O18	4.677128083333334
PR22143269	PR_000	PR309267	917.2343	[M-H]-	74978215	C42H46O23	4.47
PR73240415	PR_000	PR309258	711.1402	[M-H]-	74978238	C30H32O20	3.1
PR73731993	PR_000	PR309266	817.2031	[M-H]-	74978322	C34H42O23	2.79
PR95515257	PR_000	PR309254	607.1657	[M-H]-	74978385	C28H32O15	4.0
PR72766928	PR_000	PR304512,PR304515,PR304518,PR304521,PR304524,PR304527,PR304530,PR304533,PR304536,PR304539,PR304542,PR304545,PR308870	353.1870665364585	[M-H]-	75055101	C21H26N2O3	5.435707692307692
PR36084192	PR_000	PR309166	561.329	[M+HCOO]-	75059739	C27H48O9	10.1
PR37336439	PR_000	PR308957	305.0686	[M-H]-	75075824	C12H18O7S	3.53
PR32816564	PR_000	PR309400	577.1566	[M-H]-	75130901	C27H30O14	5.24
PR78672706	PR_000	PR307171,PR307175,PR307179,PR307183,PR307190,PR307194,PR307198,PR307202,PR307206,PR307210,PR307214,PR308765	438.0534116021775	[M-H]-	75144758	C15H21NO10S2	2.706745833333333
PR63812991	PR_000	PR309067	380.0948	[M-H]-	75166534	C13H23N3O6S2	3.78
PR86348911	PR_000	PR308533,PR308540,PR308545,PR308550,PR308557,PR308564,PR308570,PR308576,PR308583,PR308589,PR308596,PR308602,PR308673	811.4849305093815	[M+HCOO]-	75231332	C42H70O12	7.570815076923076
PR21221834	PR_000	PR308532,PR308539,PR308544,PR308549,PR308556,PR308563,PR308569,PR308575,PR308582,PR308588,PR308595,PR308601,PR308665	765.4794511518431	[M-H]-	75231332	C42H70O12	7.570815076923076
PR69272628	PR_000	PR308924	955.4894	[M-H]-	75614526	C48H76O19	7.05
PR27608946	PR_000	PR309088	325.2007	[M-H]-	75955192	C18H30O5	6.58
PR06322747	PR_000	PR309149,PR309150	476.27684999999997	[M-H]-	75958059	C23H44NO7P	9.4
PR41128809	PR_000	PR308897	661.3578	[M-H]-	75984376	C36H54O11	7.76
PR84531617	PR_000	PR308995	1152.5427	[M+HCOO]-	76187016	C52H85NO24	4.29
PR11623363	PR_000	PR309056,PR309057	315.07045	[M-H]-	76211590	C13H16O9	2.5149999999999997
PR79588211	PR_000	PR309337	321.1546	[M-H]-	76463851	C14H26O8	4.79
PR71162800	PR_000	PR309178	687.1948	[M-H]-	77136544	C33H36O16	4.88
PR67967319	PR_000	PR309386	356.0981	[M-H]-	77195052	C15H19NO9	3.43
PR97111586	PR_000	PR309198	338.0879	[M-H]-	77499147	C15H17NO8	2.31
PR11878200	PR_000	PR308489,PR308492,PR308501,PR308504,PR308507,PR308511,PR308515,PR308519,PR308523,PR308527,PR308689	1123.5905780471182	[M+HCOO]-	77906406	C53H90O22	6.1866663636363635
PR61170314	PR_000	PR308488,PR308491,PR308495,PR308497,PR308500,PR308503,PR308506,PR308510,PR308514,PR308518,PR308522,PR308526,PR308685	1077.5850986595356	[M-H]-	77906406	C53H90O22	6.1866150769230766
PR58134811	PR_000	PR309139	947.4114	[M-H]-	78052368	C44H68O22	6.72
PR38614546	PR_000	PR309137	821.4156	[M+HCOO]-	78052369	C38H64O16	6.45
PR86755737	PR_000	PR309136	775.4113	[M-H]-	78052369	C38H64O16	6.45
PR46479801	PR_000	PR309138	861.4139	[M-H]-	78052371	C41H66O19	6.61
PR43168889	PR_000	PR308917	909.4841	[M-H]-	78178264	C47H74O17	7.84
PR00619661	PR_000	PR309042	407.1858	[M-H]-	78190875	C25H28O5	10.21
PR05815953	PR_000	PR309086	309.2075	[M-H]-	78382137	C18H30O4	8.99
PR14858770	PR_000	PR308968	639.373	[M+HCOO]-	85039906	C33H54O9	6.56
PR13292095	PR_000	PR308945	399.1657	[M-H]-	85081135	C19H28O9	4.06
PR48768640	PR_000	PR309048	353.1389	[M-H]-	85152852	C21H22O5	7.34
PR70905587	PR_000	PR308931	1027.5129	[M-H]-	85194431	C51H80O21	6.73
PR65784443	PR_000	PR309140	921.4767	[M-H]-	85212301	C44H74O20	6.32
PR24958818	PR_000	PR309335	861.2469	[M-H]-	85246529	C40H46O21	6.78
PR75143844	PR_000	PR308978,PR308979	929.47505	[M+HCOO]-	85271213	C45H72O17	5.705
PR04398397	PR_000	PR309012	351.071	[M-H]-	92002858	C16H16O9	3.12
PR09615987	PR_000	PR309218	219.1049	[M-H]-	121232646	C10H20O3S	4.42
PR47381310	PR_000	PR308989	1076.5322	[M+HCOO]-	131751243	C50H81NO21	4.69
PR17944323	PR_000	PR308937	1081.5214	[M-H]-	131751577	C54H82O22	7.63
PR68388775	PR_000	PR309283	681.1317	[M-H]-	131752191	C29H30O19	3.98
PR94876851	PR_000	PR308942	425.1653	[M+HCOO]-	131753120	C16H28O10	3.22
PR39367068	PR_000	PR309305	769.1842	[M-H]-	131833385	C33H38O21	4.67
PR71372001	PR_000	PR309134	282.0834	[M-H]-	135398635	C10H13N5O5	1.95
PR85740694	PR_000	PR307029,PR307030,PR307031,PR307032,PR307033,PR307034,PR307035,PR307036,PR307037,PR307038,PR307039,PR307040	563.1406291478299	[M-H]-	137832345	C26H28O14	3.6383670000000006
PR86817931	PR_000	PR309008	681.2971	[M+HCOO]-	139291780	C29H48O15	8.57
PR77884180	PR_000	PR308987	962.499	[M+HCOO]-	139291793	C45H75NO18	4.24
PR35860119	PR_000	PR308986	916.49	[M-H]-	139291793	C45H75NO18	4.24
PR74501308	PR_000	PR309397,PR309398	547.1460500000001	[M-H]-	139291798	C26H28O13	5.275
PR50989975	PR_000	PR309396	415.102	[M-H]-	139291799	C21H20O9	4.89
PR15292384	PR_000	PR308939	1101.5474	[M-H]-	139291802	C54H86O23	5.69
PR61963602	PR_000	PR308997	1239.598	[M+HCOO]-	139291829	C57H94O26	5.09
PR23362522	PR_000	PR308996	1193.5923	[M-H]-	139291829	C57H94O26	5.09
PR28908808	PR_000	PR309336	353.0717	[M-H]-	139291837	C12H18O12	1.78
PR15146341	PR_000	PR309188	637.1781	[M+HCOO]-	139291845	C28H32O14	4.85
PR23941473	PR_000	PR308913	809.4348	[M-H]-	139291852	C42H66O15	7.31
PR10673469	PR_000	PR308905	737.4122	[M+HCOO]-	139291862	C38H60O11	7.65
PR07732263	PR_000	PR308926	987.5139	[M+HCOO]-	139291864	C48H78O18	6.9
PR51887510	PR_000	PR308988	1065.5072	[M+HCOO]-	139291869	C49H80O22	4.15
PR41849961	PR_000	PR309169	638.3293	[M-H]-	139291879	C29H54NO12P	9.18
PR34109114	PR_000	PR308961	385.1337	[M+HCOO]-	139291882	C13H24O10	2.04
PR28580847	PR_000	PR309330	477.1397	[M-H]-	139291883	C23H26O11	4.07
PR66822337	PR_000	PR309341	415.1591	[M-H]-	139291886	C19H28O10	3.52
PR34667254	PR_000	PR308977	943.4551	[M+HCOO]-	139291896	C45H70O18	7.24
PR82534774	PR_000	PR308972	915.4572	[M+HCOO]-	139291897	C44H70O17	5.59
PR21505023	PR_000	PR308971	869.4537	[M-H]-	139291897	C44H70O17	5.59
PR94743677	PR_000	PR308999	1314.5944	[M+HCOO]-	139291910	C58H95NO29	3.96
PR69814491	PR_000	PR308998	1268.5884	[M-H]-	139291910	C58H95NO29	3.96
PR41162923	PR_000	PR308906	749.3729	[M-H]-	139291916	C39H58O14	7.43
PR13484107	PR_000	PR308920	927.4967	[M-H]-	139291954	C47H76O18	5.73
PR42276528	PR_000	PR309389	534.1451	[M-H]-	139291967	C21H29NO15	3.13
PR58387185	PR_000	PR308980,PR308981	945.4696	[M+HCOO]-	139291973	C45H72O18	5.609999999999999
PR87056102	PR_000	PR309187	561.1607	[M-H]-	139291975	C27H30O13	5.13
PR98055480	PR_000	PR309010	709.3264	[M+HCOO]-	139291986	C31H52O15	9.49
PR17446958	PR_000	PR308922	953.4727	[M-H]-	139291987	C48H74O19	7.57
PR58748187	PR_000	PR309141	425.1235	[M-H]-	139292000	C15H26N2O10S	2.12
PR75445387	PR_000	PR308991	1107.5253	[M+HCOO]-	139292011	C51H82O23	4.49
PR00690647	PR_000	PR309189	600.2084	[M+HCOO]-	139292014	C29H33NO10	4.68
PR90548909	PR_000	PR309322	581.1502	[M-H]-	139292024	C26H30O15	3.2
PR20614128	PR_000	PR309168	636.3157	[M-H]-	139292025	C29H52NO12P	8.59
PR96620938	PR_000	PR308930	1019.50685	[M+HCOO]-	139292026	C48H78O20	4.89
PR40760124	PR_000	PR309194	401.1085	[M-H]-	139292033	C17H22O11	3.56
PR82038197	PR_000	PR308967	435.1288	[M-H]-	139292036	C21H24O10	3.81
PR88765025	PR_000	PR308936	1089.5464	[M-H]-	139292044	C53H86O23	5.49
PR61158138	PR_000	PR308935	1073.556	[M-H]-	139292047	C53H86O22	5.57
PR96595512	PR_000	PR309284	667.1552	[M-H]-	139292059	C29H32O18	4.05
PR47529925	PR_000	PR309191	433.1115	[M-H]-	139292064	C21H22O10	3.56
PR07179110	PR_000	PR309114	395.2095	[M-H]-	139292071	C18H36O7S	5.44
PR64940036	PR_000	PR309007	667.2825	[M+HCOO]-	139292078	C28H46O15	8.06
PR92443896	PR_000	PR309353	725.2065	[M-H]-	139292082	C36H38O16	4.62
PR51333964	PR_000	PR309167	614.3283	[M-H]-	139292086	C27H54NO12P	9.71
PR71783328	PR_000	PR309011	723.3464	[M+HCOO]-	139292089	C32H54O15	9.98
PR32951659	PR_000	PR308932	1027.5085	[M-H]-	139292090	C51H80O21	7.35
PR91471627	PR_000	PR309009	695.3124	[M+HCOO]-	139292094	C30H50O15	9.01
PR09579923	PR_000	PR309144	290.0872	[M-H]-	139292107	C11H17NO8	1.78
PR20034674	PR_000	PR308934	1037.5326	[M-H]-	139292113	C53H82O20	7.77
PR01224978	PR_000	PR309145	292.1391	[M-H]-	139292115	C12H23NO7	1.98
PR84558766	PR_000	PR308921	935.4658	[M-H]-	139292121	C48H72O18	7.98
PR96530275	PR_000	PR309142	467.1332	[M-H]-	139292128	C17H28N2O11S	1.84
PR56879419	PR_000	PR309388	504.1349	[M-H]-	139292137	C20H27NO14	2.44
PR22737843	PR_000	PR308902	735.3943	[M+HCOO]-	139292147	C38H58O11	8.15
PR00389595	PR_000	PR309143	554.1671	[M-H]-	139292148	C20H33N3O13S	2.4
PR59987508	PR_000	PR309190	630.2195	[M+HCOO]-	139292172	C30H35NO11	4.68
PR76287429	PR_000	PR309326	281.0648	[M-H]-	139292180	C13H14O7	3.58
PR52639259	PR_000	PR304511,PR304514,PR304517,PR304520,PR304523,PR304526,PR304529,PR304532,PR304535,PR304538,PR304541,PR304544,PR308877	383.16124580168923	[M+HCOO]-	145994446	C20H22N2O3	3.6055535384615376
PR85208047	PR_000	PR304510,PR304513,PR304516,PR304519,PR304522,PR304525,PR304528,PR304531,PR304534,PR304537,PR304540,PR304543	337.15576614783	[M-H]-	145994446	C20H22N2O3	3.605182999999999
PR97810229	PR_000	PR308941	1249.5466	[M-H]-	145994447	C62H90O26	5.7
PR31577699	PR_000	PR308953,PR308954	152.9676	[M-H]-	145994448	C3H6O3S2	2.83
PR70077914	PR_000	PR309028,PR309029,PR309030	339.12179999999995	[M-H]-	145994449	C20H20O5	8.66
PR12763727	PR_000	PR309102	343.2122	[M-H]-	145994450	C18H32O6	4.82
PR47888277	PR_000	PR309153,PR309156	531.28105	[M+HCOO]-	145994451	C25H42O9	8.39
PR22945824	PR_000	PR309154,PR309155	485.27395	[M-H]-	145994451	C25H42O9	8.49
PR84755536	PR_000	PR309175	469.0801	[M-H]-	145994452	C20H22O11S	3.67
PR60793941	PR_000	PR309200,PR309201,PR309202,PR309203	355.065575	[M-H]-	145994453	C15H16O10	2.9
PR90315694	PR_000	PR309207	402.0898	[M-H]-	145994454	C13H25NO9S2	3.85
PR58803928	PR_000	PR309213	508.0984	[M-H]-	145994455	C16H31NO11S3	3.32
PR36644237	PR_000	PR309214	444.1408	[M-H]-	145994456	C16H31NO9S2	5.98
PR34113798	PR_000	PR309295	755.1837	[M-H]-	145994457	C36H36O18	3.83
PR08698350	PR_000	PR309332	785.1934	[M-H]-	145994458	C37H38O19	3.84
PR04744731	PR_000	PR309338	403.1611	[M-H]-	145994459	C18H28O10	2.76
PR95835144	PR_000	PR309376	307.1273	[M-H]-	145994460	C15H20N2O5	2.61
